0.mp4,0
1.mp4,1
2.mp4,2
3.mp4,3
4.mp4,4
5.mp4,5
6.mp4,6
7.mp4,7
8.mp4,8
9.mp4,9
10.mp4,10
11.mp4,11
12.mp4,12
13.mp4,13
14.mp4,14
15.mp4,15
16.mp4,12
17.mp4,16
18.mp4,6
19.mp4,17
20.mp4,18
21.mp4,19
22.mp4,20
23.mp4,21
24.mp4,22
25.mp4,23
26.mp4,24
27.mp4,25
28.mp4,26
29.mp4,17
30.mp4,7
31.mp4,7
32.mp4,5
33.mp4,27
34.mp4,28
35.mp4,5
36.mp4,12
37.mp4,29
38.mp4,16
39.mp4,1
40.mp4,30
41.mp4,22
42.mp4,31
43.mp4,13
44.mp4,31
45.mp4,22
46.mp4,32
47.mp4,33
48.mp4,29
49.mp4,28
50.mp4,34
51.mp4,15
52.mp4,35
53.mp4,36
54.mp4,27
55.mp4,30
56.mp4,15
57.mp4,29
58.mp4,37
59.mp4,19
60.mp4,38
61.mp4,38
62.mp4,39
63.mp4,9
64.mp4,40
65.mp4,17
66.mp4,34
67.mp4,22
68.mp4,41
69.mp4,41
70.mp4,8
71.mp4,15
72.mp4,33
73.mp4,12
74.mp4,42
75.mp4,1
76.mp4,27
77.mp4,14
78.mp4,43
79.mp4,30
80.mp4,10
81.mp4,29
82.mp4,44
83.mp4,45
84.mp4,46
85.mp4,22
86.mp4,47
87.mp4,48
88.mp4,32
89.mp4,49
90.mp4,50
91.mp4,36
92.mp4,35
93.mp4,5
94.mp4,14
95.mp4,18
96.mp4,12
97.mp4,22
98.mp4,41
99.mp4,6
100.mp4,25
101.mp4,1
102.mp4,17
103.mp4,20
104.mp4,51
105.mp4,3
106.mp4,44
107.mp4,43
108.mp4,36
109.mp4,43
110.mp4,20
111.mp4,52
112.mp4,53
113.mp4,44
114.mp4,51
115.mp4,37
116.mp4,5
117.mp4,19
118.mp4,34
119.mp4,19
120.mp4,54
121.mp4,14
122.mp4,38
123.mp4,39
124.mp4,29
125.mp4,34
126.mp4,52
127.mp4,12
128.mp4,15
129.mp4,55
130.mp4,56
131.mp4,1
132.mp4,29
133.mp4,16
134.mp4,48
135.mp4,2
136.mp4,47
137.mp4,34
138.mp4,19
139.mp4,34
140.mp4,16
141.mp4,57
142.mp4,30
143.mp4,42
144.mp4,36
145.mp4,6
146.mp4,22
147.mp4,26
148.mp4,24
149.mp4,38
150.mp4,58
151.mp4,41
152.mp4,25
153.mp4,21
154.mp4,28
155.mp4,33
156.mp4,59
157.mp4,60
158.mp4,56
159.mp4,22
160.mp4,39
161.mp4,61
162.mp4,19
163.mp4,62
164.mp4,30
165.mp4,10
166.mp4,18
167.mp4,10
168.mp4,52
169.mp4,36
170.mp4,0
171.mp4,39
172.mp4,27
173.mp4,30
174.mp4,41
175.mp4,35
176.mp4,33
177.mp4,58
178.mp4,31
179.mp4,53
180.mp4,12
181.mp4,3
182.mp4,29
183.mp4,34
184.mp4,38
185.mp4,8
186.mp4,59
187.mp4,63
188.mp4,47
189.mp4,43
190.mp4,64
191.mp4,20
192.mp4,3
193.mp4,47
194.mp4,3
195.mp4,43
196.mp4,2
197.mp4,54
198.mp4,36
199.mp4,29
200.mp4,52
201.mp4,37
202.mp4,3
203.mp4,27
204.mp4,30
205.mp4,61
206.mp4,1
207.mp4,65
208.mp4,3
209.mp4,12
210.mp4,27
211.mp4,36
212.mp4,34
213.mp4,44
214.mp4,14
215.mp4,43
216.mp4,20
217.mp4,26
218.mp4,20
219.mp4,41
220.mp4,62
221.mp4,34
222.mp4,46
223.mp4,30
224.mp4,15
225.mp4,19
226.mp4,62
227.mp4,19
228.mp4,53
229.mp4,17
230.mp4,37
231.mp4,59
232.mp4,46
233.mp4,36
234.mp4,18
235.mp4,5
236.mp4,42
237.mp4,53
238.mp4,38
239.mp4,12
240.mp4,18
241.mp4,56
242.mp4,12
243.mp4,32
244.mp4,62
245.mp4,37
246.mp4,22
247.mp4,26
248.mp4,32
249.mp4,54
250.mp4,66
251.mp4,51
252.mp4,40
253.mp4,52
254.mp4,30
255.mp4,30
256.mp4,62
257.mp4,62
258.mp4,62
259.mp4,49
260.mp4,45
261.mp4,49
262.mp4,3
263.mp4,10
264.mp4,26
265.mp4,48
266.mp4,52
267.mp4,49
268.mp4,7
269.mp4,54
270.mp4,33
271.mp4,23
272.mp4,10
273.mp4,22
274.mp4,67
275.mp4,55
276.mp4,1
277.mp4,16
278.mp4,47
279.mp4,33
280.mp4,32
281.mp4,1
282.mp4,49
283.mp4,48
284.mp4,23
285.mp4,31
286.mp4,46
287.mp4,27
288.mp4,3
289.mp4,17
290.mp4,22
291.mp4,59
292.mp4,26
293.mp4,16
294.mp4,41
295.mp4,9
296.mp4,65
297.mp4,22
298.mp4,38
299.mp4,21
300.mp4,30
301.mp4,48
302.mp4,3
303.mp4,21
304.mp4,21
305.mp4,6
306.mp4,51
307.mp4,62
308.mp4,1
309.mp4,50
310.mp4,47
311.mp4,10
312.mp4,59
313.mp4,68
314.mp4,21
315.mp4,29
316.mp4,9
317.mp4,6
318.mp4,55
319.mp4,62
320.mp4,18
321.mp4,42
322.mp4,43
323.mp4,33
324.mp4,59
325.mp4,31
326.mp4,4
327.mp4,65
328.mp4,54
329.mp4,58
330.mp4,36
331.mp4,49
332.mp4,69
333.mp4,19
334.mp4,56
335.mp4,41
336.mp4,1
337.mp4,50
338.mp4,22
339.mp4,41
340.mp4,35
341.mp4,39
342.mp4,63
343.mp4,22
344.mp4,16
345.mp4,18
346.mp4,41
347.mp4,67
348.mp4,3
349.mp4,15
350.mp4,10
351.mp4,6
352.mp4,33
353.mp4,3
354.mp4,5
355.mp4,49
356.mp4,7
357.mp4,34
358.mp4,58
359.mp4,65
360.mp4,9
361.mp4,51
362.mp4,7
363.mp4,30
364.mp4,41
365.mp4,0
366.mp4,38
367.mp4,46
368.mp4,33
369.mp4,65
370.mp4,40
371.mp4,21
372.mp4,61
373.mp4,15
374.mp4,35
375.mp4,50
376.mp4,21
377.mp4,50
378.mp4,18
379.mp4,18
380.mp4,29
381.mp4,61
382.mp4,53
383.mp4,36
384.mp4,53
385.mp4,27
386.mp4,69
387.mp4,68
388.mp4,9
389.mp4,64
390.mp4,32
391.mp4,37
392.mp4,1
393.mp4,70
394.mp4,3
395.mp4,40
396.mp4,47
397.mp4,36
398.mp4,2
399.mp4,49
400.mp4,2
401.mp4,51
402.mp4,31
403.mp4,51
404.mp4,27
405.mp4,53
406.mp4,44
407.mp4,10
408.mp4,42
409.mp4,64
410.mp4,6
411.mp4,38
412.mp4,48
413.mp4,69
414.mp4,15
415.mp4,61
416.mp4,19
417.mp4,32
418.mp4,10
419.mp4,53
420.mp4,53
421.mp4,1
422.mp4,43
423.mp4,22
424.mp4,8
425.mp4,15
426.mp4,50
427.mp4,8
428.mp4,8
429.mp4,53
430.mp4,27
431.mp4,56
432.mp4,1
433.mp4,41
434.mp4,18
435.mp4,57
436.mp4,41
437.mp4,7
438.mp4,59
439.mp4,23
440.mp4,56
441.mp4,61
442.mp4,54
443.mp4,11
444.mp4,32
445.mp4,40
446.mp4,1
447.mp4,65
448.mp4,39
449.mp4,6
450.mp4,71
451.mp4,16
452.mp4,19
453.mp4,38
454.mp4,12
455.mp4,2
456.mp4,26
457.mp4,45
458.mp4,35
459.mp4,12
460.mp4,65
461.mp4,26
462.mp4,60
463.mp4,48
464.mp4,16
465.mp4,27
466.mp4,24
467.mp4,42
468.mp4,48
469.mp4,72
470.mp4,60
471.mp4,3
472.mp4,49
473.mp4,51
474.mp4,29
475.mp4,70
476.mp4,5
477.mp4,55
478.mp4,14
479.mp4,55
480.mp4,63
481.mp4,3
482.mp4,19
483.mp4,51
484.mp4,66
485.mp4,15
486.mp4,58
487.mp4,23
488.mp4,30
489.mp4,15
490.mp4,70
491.mp4,65
492.mp4,23
493.mp4,52
494.mp4,52
495.mp4,12
496.mp4,36
497.mp4,18
498.mp4,54
499.mp4,25
500.mp4,38
501.mp4,52
502.mp4,15
503.mp4,23
504.mp4,12
505.mp4,15
506.mp4,56
507.mp4,64
508.mp4,56
509.mp4,8
510.mp4,39
511.mp4,33
512.mp4,26
513.mp4,59
514.mp4,46
515.mp4,27
516.mp4,50
517.mp4,55
518.mp4,12
519.mp4,51
520.mp4,59
521.mp4,50
522.mp4,2
523.mp4,51
524.mp4,47
525.mp4,50
526.mp4,72
527.mp4,64
528.mp4,67
529.mp4,3
530.mp4,35
531.mp4,36
532.mp4,28
533.mp4,38
534.mp4,67
535.mp4,52
536.mp4,10
537.mp4,25
538.mp4,10
539.mp4,63
540.mp4,59
541.mp4,51
542.mp4,65
543.mp4,36
544.mp4,6
545.mp4,6
546.mp4,62
547.mp4,36
548.mp4,22
549.mp4,23
550.mp4,17
551.mp4,37
552.mp4,14
553.mp4,24
554.mp4,61
555.mp4,56
556.mp4,51
557.mp4,65
558.mp4,22
559.mp4,72
560.mp4,12
561.mp4,49
562.mp4,45
563.mp4,67
564.mp4,34
565.mp4,67
566.mp4,27
567.mp4,73
568.mp4,33
569.mp4,22
570.mp4,61
571.mp4,1
572.mp4,55
573.mp4,18
574.mp4,32
575.mp4,0
576.mp4,33
577.mp4,17
578.mp4,21
579.mp4,1
580.mp4,50
581.mp4,70
582.mp4,72
583.mp4,27
584.mp4,15
585.mp4,70
586.mp4,60
587.mp4,18
588.mp4,25
589.mp4,24
590.mp4,26
591.mp4,16
592.mp4,3
593.mp4,29
594.mp4,74
595.mp4,41
596.mp4,19
597.mp4,47
598.mp4,68
599.mp4,70
600.mp4,56
601.mp4,55
602.mp4,53
603.mp4,3
604.mp4,47
605.mp4,48
606.mp4,75
607.mp4,62
608.mp4,76
609.mp4,3
610.mp4,16
611.mp4,43
612.mp4,47
613.mp4,14
614.mp4,56
615.mp4,3
616.mp4,46
617.mp4,48
618.mp4,5
619.mp4,28
620.mp4,41
621.mp4,22
622.mp4,63
623.mp4,45
624.mp4,69
625.mp4,16
626.mp4,69
627.mp4,69
628.mp4,59
629.mp4,3
630.mp4,72
631.mp4,75
632.mp4,7
633.mp4,11
634.mp4,6
635.mp4,73
636.mp4,27
637.mp4,73
638.mp4,0
639.mp4,51
640.mp4,6
641.mp4,48
642.mp4,68
643.mp4,59
644.mp4,3
645.mp4,25
646.mp4,38
647.mp4,45
648.mp4,34
649.mp4,65
650.mp4,22
651.mp4,34
652.mp4,7
653.mp4,19
654.mp4,40
655.mp4,35
656.mp4,0
657.mp4,62
658.mp4,45
659.mp4,2
660.mp4,19
661.mp4,52
662.mp4,0
663.mp4,73
664.mp4,63
665.mp4,61
666.mp4,77
667.mp4,12
668.mp4,12
669.mp4,71
670.mp4,55
671.mp4,19
672.mp4,34
673.mp4,65
674.mp4,8
675.mp4,24
676.mp4,12
677.mp4,19
678.mp4,62
679.mp4,37
680.mp4,2
681.mp4,72
682.mp4,2
683.mp4,63
684.mp4,63
685.mp4,2
686.mp4,11
687.mp4,43
688.mp4,13
689.mp4,0
690.mp4,30
691.mp4,28
692.mp4,10
693.mp4,48
694.mp4,47
695.mp4,56
696.mp4,29
697.mp4,10
698.mp4,19
699.mp4,18
700.mp4,15
701.mp4,2
702.mp4,18
703.mp4,62
704.mp4,38
705.mp4,41
706.mp4,31
707.mp4,52
708.mp4,18
709.mp4,50
710.mp4,37
711.mp4,31
712.mp4,78
713.mp4,41
714.mp4,43
715.mp4,58
716.mp4,52
717.mp4,51
718.mp4,38
719.mp4,37
720.mp4,35
721.mp4,77
722.mp4,10
723.mp4,3
724.mp4,26
725.mp4,27
726.mp4,78
727.mp4,70
728.mp4,72
729.mp4,52
730.mp4,20
731.mp4,44
732.mp4,44
733.mp4,33
734.mp4,41
735.mp4,64
736.mp4,63
737.mp4,46
738.mp4,71
739.mp4,57
740.mp4,8
741.mp4,71
742.mp4,78
743.mp4,45
744.mp4,35
745.mp4,37
746.mp4,39
747.mp4,32
748.mp4,53
749.mp4,50
750.mp4,72
751.mp4,29
752.mp4,20
753.mp4,39
754.mp4,75
755.mp4,38
756.mp4,40
757.mp4,66
758.mp4,31
759.mp4,55
760.mp4,58
761.mp4,25
762.mp4,13
763.mp4,17
764.mp4,51
765.mp4,0
766.mp4,22
767.mp4,26
768.mp4,6
769.mp4,11
770.mp4,1
771.mp4,11
772.mp4,42
773.mp4,70
774.mp4,61
775.mp4,52
776.mp4,1
777.mp4,19
778.mp4,38
779.mp4,9
780.mp4,23
781.mp4,27
782.mp4,10
783.mp4,46
784.mp4,56
785.mp4,40
786.mp4,18
787.mp4,47
788.mp4,49
789.mp4,10
790.mp4,45
791.mp4,26
792.mp4,23
793.mp4,65
794.mp4,6
795.mp4,45
796.mp4,72
797.mp4,19
798.mp4,45
799.mp4,3
800.mp4,42
801.mp4,75
802.mp4,32
803.mp4,2
804.mp4,56
805.mp4,29
806.mp4,44
807.mp4,5
808.mp4,55
809.mp4,54
810.mp4,41
811.mp4,62
812.mp4,12
813.mp4,64
814.mp4,77
815.mp4,21
816.mp4,5
817.mp4,46
818.mp4,0
819.mp4,62
820.mp4,48
821.mp4,24
822.mp4,22
823.mp4,20
824.mp4,22
825.mp4,19
826.mp4,1
827.mp4,56
828.mp4,22
829.mp4,43
830.mp4,23
831.mp4,28
832.mp4,29
833.mp4,2
834.mp4,24
835.mp4,45
836.mp4,12
837.mp4,61
838.mp4,50
839.mp4,62
840.mp4,50
841.mp4,10
842.mp4,77
843.mp4,36
844.mp4,49
845.mp4,21
846.mp4,62
847.mp4,29
848.mp4,36
849.mp4,59
850.mp4,73
851.mp4,20
852.mp4,36
853.mp4,24
854.mp4,28
855.mp4,44
856.mp4,13
857.mp4,61
858.mp4,61
859.mp4,12
860.mp4,46
861.mp4,48
862.mp4,50
863.mp4,61
864.mp4,53
865.mp4,7
866.mp4,61
867.mp4,18
868.mp4,30
869.mp4,64
870.mp4,69
871.mp4,28
872.mp4,46
873.mp4,13
874.mp4,26
875.mp4,71
876.mp4,26
877.mp4,6
878.mp4,27
879.mp4,48
880.mp4,10
881.mp4,56
882.mp4,16
883.mp4,40
884.mp4,41
885.mp4,47
886.mp4,0
887.mp4,41
888.mp4,71
889.mp4,78
890.mp4,56
891.mp4,19
892.mp4,42
893.mp4,21
894.mp4,19
895.mp4,12
896.mp4,2
897.mp4,64
898.mp4,1
899.mp4,50
900.mp4,67
901.mp4,42
902.mp4,17
903.mp4,67
904.mp4,38
905.mp4,10
906.mp4,73
907.mp4,40
908.mp4,63
909.mp4,43
910.mp4,10
911.mp4,51
912.mp4,29
913.mp4,25
914.mp4,30
915.mp4,8
916.mp4,53
917.mp4,0
918.mp4,71
919.mp4,29
920.mp4,27
921.mp4,28
922.mp4,38
923.mp4,29
924.mp4,60
925.mp4,57
926.mp4,31
927.mp4,22
928.mp4,18
929.mp4,35
930.mp4,51
931.mp4,61
932.mp4,24
933.mp4,9
934.mp4,24
935.mp4,52
936.mp4,18
937.mp4,44
938.mp4,12
939.mp4,3
940.mp4,19
941.mp4,38
942.mp4,78
943.mp4,62
944.mp4,24
945.mp4,10
946.mp4,42
947.mp4,29
948.mp4,17
949.mp4,65
950.mp4,62
951.mp4,40
952.mp4,27
953.mp4,7
954.mp4,2
955.mp4,42
956.mp4,55
957.mp4,33
958.mp4,61
959.mp4,16
960.mp4,1
961.mp4,5
962.mp4,63
963.mp4,30
964.mp4,24
965.mp4,41
966.mp4,71
967.mp4,35
968.mp4,62
969.mp4,19
970.mp4,37
971.mp4,33
972.mp4,42
973.mp4,31
974.mp4,49
975.mp4,3
976.mp4,26
977.mp4,55
978.mp4,17
979.mp4,72
980.mp4,52
981.mp4,45
982.mp4,9
983.mp4,30
984.mp4,42
985.mp4,47
986.mp4,49
987.mp4,35
988.mp4,38
989.mp4,47
990.mp4,34
991.mp4,61
992.mp4,29
993.mp4,79
994.mp4,42
995.mp4,47
996.mp4,48
997.mp4,26
998.mp4,36
999.mp4,0
1000.mp4,17
1001.mp4,38
1002.mp4,71
1003.mp4,23
1004.mp4,51
1005.mp4,21
1006.mp4,62
1007.mp4,20
1008.mp4,42
1009.mp4,24
1010.mp4,48
1011.mp4,55
1012.mp4,55
1013.mp4,55
1014.mp4,31
1015.mp4,41
1016.mp4,1
1017.mp4,45
1018.mp4,75
1019.mp4,34
1020.mp4,29
1021.mp4,30
1022.mp4,18
1023.mp4,9
1024.mp4,30
1025.mp4,51
1026.mp4,80
1027.mp4,31
1028.mp4,31
1029.mp4,24
1030.mp4,25
1031.mp4,43
1032.mp4,56
1033.mp4,9
1034.mp4,7
1035.mp4,23
1036.mp4,62
1037.mp4,56
1038.mp4,7
1039.mp4,19
1040.mp4,29
1041.mp4,67
1042.mp4,36
1043.mp4,26
1044.mp4,63
1045.mp4,30
1046.mp4,42
1047.mp4,2
1048.mp4,44
1049.mp4,26
1050.mp4,28
1051.mp4,59
1052.mp4,56
1053.mp4,3
1054.mp4,34
1055.mp4,38
1056.mp4,72
1057.mp4,19
1058.mp4,1
1059.mp4,38
1060.mp4,67
1061.mp4,35
1062.mp4,71
1063.mp4,1
1064.mp4,19
1065.mp4,24
1066.mp4,59
1067.mp4,56
1068.mp4,30
1069.mp4,3
1070.mp4,62
1071.mp4,9
1072.mp4,36
1073.mp4,21
1074.mp4,34
1075.mp4,38
1076.mp4,50
1077.mp4,38
1078.mp4,67
1079.mp4,3
1080.mp4,56
1081.mp4,71
1082.mp4,27
1083.mp4,1
1084.mp4,33
1085.mp4,9
1086.mp4,66
1087.mp4,23
1088.mp4,23
1089.mp4,15
1090.mp4,62
1091.mp4,21
1092.mp4,78
1093.mp4,10
1094.mp4,37
1095.mp4,65
1096.mp4,58
1097.mp4,38
1098.mp4,54
1099.mp4,12
1100.mp4,10
1101.mp4,43
1102.mp4,54
1103.mp4,43
1104.mp4,52
1105.mp4,23
1106.mp4,47
1107.mp4,24
1108.mp4,28
1109.mp4,23
1110.mp4,30
1111.mp4,19
1112.mp4,41
1113.mp4,29
1114.mp4,46
1115.mp4,34
1116.mp4,37
1117.mp4,26
1118.mp4,38
1119.mp4,69
1120.mp4,1
1121.mp4,44
1122.mp4,68
1123.mp4,33
1124.mp4,48
1125.mp4,56
1126.mp4,29
1127.mp4,14
1128.mp4,48
1129.mp4,56
1130.mp4,71
1131.mp4,68
1132.mp4,17
1133.mp4,46
1134.mp4,62
1135.mp4,15
1136.mp4,73
1137.mp4,44
1138.mp4,27
1139.mp4,24
1140.mp4,21
1141.mp4,73
1142.mp4,3
1143.mp4,46
1144.mp4,55
1145.mp4,12
1146.mp4,38
1147.mp4,49
1148.mp4,2
1149.mp4,20
1150.mp4,10
1151.mp4,72
1152.mp4,28
1153.mp4,7
1154.mp4,34
1155.mp4,26
1156.mp4,57
1157.mp4,11
1158.mp4,38
1159.mp4,45
1160.mp4,12
1161.mp4,61
1162.mp4,31
1163.mp4,24
1164.mp4,43
1165.mp4,46
1166.mp4,41
1167.mp4,36
1168.mp4,3
1169.mp4,17
1170.mp4,13
1171.mp4,22
1172.mp4,78
1173.mp4,10
1174.mp4,22
1175.mp4,60
1176.mp4,51
1177.mp4,28
1178.mp4,38
1179.mp4,58
1180.mp4,18
1181.mp4,5
1182.mp4,38
1183.mp4,31
1184.mp4,57
1185.mp4,45
1186.mp4,27
1187.mp4,71
1188.mp4,20
1189.mp4,12
1190.mp4,41
1191.mp4,16
1192.mp4,67
1193.mp4,72
1194.mp4,77
1195.mp4,25
1196.mp4,38
1197.mp4,47
1198.mp4,69
1199.mp4,0
1200.mp4,23
1201.mp4,27
1202.mp4,17
1203.mp4,53
1204.mp4,17
1205.mp4,37
1206.mp4,73
1207.mp4,68
1208.mp4,29
1209.mp4,41
1210.mp4,64
1211.mp4,56
1212.mp4,49
1213.mp4,48
1214.mp4,3
1215.mp4,71
1216.mp4,1
1217.mp4,49
1218.mp4,18
1219.mp4,45
1220.mp4,1
1221.mp4,12
1222.mp4,24
1223.mp4,20
1224.mp4,29
1225.mp4,44
1226.mp4,30
1227.mp4,6
1228.mp4,6
1229.mp4,41
1230.mp4,28
1231.mp4,69
1232.mp4,10
1233.mp4,2
1234.mp4,24
1235.mp4,65
1236.mp4,23
1237.mp4,36
1238.mp4,34
1239.mp4,21
1240.mp4,73
1241.mp4,7
1242.mp4,55
1243.mp4,49
1244.mp4,67
1245.mp4,59
1246.mp4,54
1247.mp4,26
1248.mp4,45
1249.mp4,18
1250.mp4,26
1251.mp4,48
1252.mp4,67
1253.mp4,36
1254.mp4,38
1255.mp4,62
1256.mp4,73
1257.mp4,59
1258.mp4,43
1259.mp4,62
1260.mp4,44
1261.mp4,19
1262.mp4,7
1263.mp4,26
1264.mp4,37
1265.mp4,62
1266.mp4,56
1267.mp4,69
1268.mp4,45
1269.mp4,73
1270.mp4,49
1271.mp4,25
1272.mp4,59
1273.mp4,15
1274.mp4,34
1275.mp4,26
1276.mp4,38
1277.mp4,6
1278.mp4,56
1279.mp4,72
1280.mp4,17
1281.mp4,42
1282.mp4,9
1283.mp4,51
1284.mp4,69
1285.mp4,23
1286.mp4,25
1287.mp4,38
1288.mp4,11
1289.mp4,12
1290.mp4,28
1291.mp4,47
1292.mp4,7
1293.mp4,73
1294.mp4,43
1295.mp4,21
1296.mp4,31
1297.mp4,40
1298.mp4,81
1299.mp4,48
1300.mp4,51
1301.mp4,55
1302.mp4,51
1303.mp4,21
1304.mp4,3
1305.mp4,36
1306.mp4,44
1307.mp4,2
1308.mp4,32
1309.mp4,10
1310.mp4,3
1311.mp4,75
1312.mp4,63
1313.mp4,77
1314.mp4,69
1315.mp4,22
1316.mp4,56
1317.mp4,39
1318.mp4,52
1319.mp4,12
1320.mp4,31
1321.mp4,28
1322.mp4,59
1323.mp4,36
1324.mp4,42
1325.mp4,12
1326.mp4,77
1327.mp4,16
1328.mp4,43
1329.mp4,1
1330.mp4,13
1331.mp4,66
1332.mp4,63
1333.mp4,38
1334.mp4,38
1335.mp4,48
1336.mp4,7
1337.mp4,1
1338.mp4,36
1339.mp4,52
1340.mp4,19
1341.mp4,23
1342.mp4,42
1343.mp4,13
1344.mp4,69
1345.mp4,14
1346.mp4,5
1347.mp4,49
1348.mp4,0
1349.mp4,75
1350.mp4,33
1351.mp4,61
1352.mp4,75
1353.mp4,17
1354.mp4,12
1355.mp4,59
1356.mp4,48
1357.mp4,10
1358.mp4,29
1359.mp4,75
1360.mp4,21
1361.mp4,44
1362.mp4,42
1363.mp4,26
1364.mp4,6
1365.mp4,23
1366.mp4,73
1367.mp4,46
1368.mp4,77
1369.mp4,22
1370.mp4,64
1371.mp4,18
1372.mp4,54
1373.mp4,3
1374.mp4,61
1375.mp4,62
1376.mp4,78
1377.mp4,17
1378.mp4,45
1379.mp4,54
1380.mp4,72
1381.mp4,78
1382.mp4,1
1383.mp4,62
1384.mp4,30
1385.mp4,72
1386.mp4,3
1387.mp4,26
1388.mp4,6
1389.mp4,30
1390.mp4,21
1391.mp4,65
1392.mp4,0
1393.mp4,52
1394.mp4,2
1395.mp4,24
1396.mp4,67
1397.mp4,26
1398.mp4,5
1399.mp4,23
1400.mp4,17
1401.mp4,49
1402.mp4,43
1403.mp4,64
1404.mp4,21
1405.mp4,69
1406.mp4,28
1407.mp4,64
1408.mp4,23
1409.mp4,41
1410.mp4,34
1411.mp4,47
1412.mp4,65
1413.mp4,26
1414.mp4,49
1415.mp4,61
1416.mp4,45
1417.mp4,75
1418.mp4,30
1419.mp4,56
1420.mp4,33
1421.mp4,31
1422.mp4,0
1423.mp4,54
1424.mp4,11
1425.mp4,75
1426.mp4,10
1427.mp4,77
1428.mp4,62
1429.mp4,48
1430.mp4,8
1431.mp4,49
1432.mp4,58
1433.mp4,2
1434.mp4,3
1435.mp4,61
1436.mp4,33
1437.mp4,73
1438.mp4,0
1439.mp4,60
1440.mp4,48
1441.mp4,23
1442.mp4,37
1443.mp4,41
1444.mp4,38
1445.mp4,73
1446.mp4,33
1447.mp4,43
1448.mp4,39
1449.mp4,20
1450.mp4,48
1451.mp4,10
1452.mp4,67
1453.mp4,19
1454.mp4,34
1455.mp4,64
1456.mp4,21
1457.mp4,42
1458.mp4,14
1459.mp4,12
1460.mp4,25
1461.mp4,56
1462.mp4,29
1463.mp4,53
1464.mp4,36
1465.mp4,58
1466.mp4,6
1467.mp4,48
1468.mp4,11
1469.mp4,47
1470.mp4,71
1471.mp4,30
1472.mp4,73
1473.mp4,45
1474.mp4,51
1475.mp4,34
1476.mp4,72
1477.mp4,26
1478.mp4,9
1479.mp4,50
1480.mp4,21
1481.mp4,40
1482.mp4,7
1483.mp4,8
1484.mp4,25
1485.mp4,5
1486.mp4,7
1487.mp4,28
1488.mp4,42
1489.mp4,48
1490.mp4,73
1491.mp4,30
1492.mp4,61
1493.mp4,11
1494.mp4,15
1495.mp4,62
1496.mp4,16
1497.mp4,26
1498.mp4,54
1499.mp4,67
1500.mp4,24
1501.mp4,45
1502.mp4,32
1503.mp4,53
1504.mp4,19
1505.mp4,21
1506.mp4,30
1507.mp4,17
1508.mp4,45
1509.mp4,14
1510.mp4,35
1511.mp4,71
1512.mp4,27
1513.mp4,41
1514.mp4,56
1515.mp4,29
1516.mp4,36
1517.mp4,21
1518.mp4,1
1519.mp4,69
1520.mp4,41
1521.mp4,26
1522.mp4,29
1523.mp4,36
1524.mp4,31
1525.mp4,6
1526.mp4,63
1527.mp4,75
1528.mp4,3
1529.mp4,49
1530.mp4,19
1531.mp4,60
1532.mp4,22
1533.mp4,65
1534.mp4,12
1535.mp4,46
1536.mp4,10
1537.mp4,40
1538.mp4,49
1539.mp4,18
1540.mp4,78
1541.mp4,0
1542.mp4,7
1543.mp4,27
1544.mp4,65
1545.mp4,1
1546.mp4,32
1547.mp4,17
1548.mp4,59
1549.mp4,42
1550.mp4,28
1551.mp4,74
1552.mp4,55
1553.mp4,17
1554.mp4,22
1555.mp4,52
1556.mp4,17
1557.mp4,61
1558.mp4,43
1559.mp4,19
1560.mp4,6
1561.mp4,62
1562.mp4,7
1563.mp4,12
1564.mp4,12
1565.mp4,28
1566.mp4,23
1567.mp4,10
1568.mp4,32
1569.mp4,15
1570.mp4,29
1571.mp4,69
1572.mp4,48
1573.mp4,34
1574.mp4,65
1575.mp4,11
1576.mp4,71
1577.mp4,61
1578.mp4,9
1579.mp4,28
1580.mp4,17
1581.mp4,34
1582.mp4,63
1583.mp4,46
1584.mp4,48
1585.mp4,69
1586.mp4,26
1587.mp4,19
1588.mp4,28
1589.mp4,78
1590.mp4,65
1591.mp4,6
1592.mp4,28
1593.mp4,70
1594.mp4,71
1595.mp4,2
1596.mp4,50
1597.mp4,1
1598.mp4,10
1599.mp4,26
1600.mp4,53
1601.mp4,30
1602.mp4,33
1603.mp4,13
1604.mp4,73
1605.mp4,7
1606.mp4,3
1607.mp4,35
1608.mp4,44
1609.mp4,30
1610.mp4,33
1611.mp4,69
1612.mp4,5
1613.mp4,7
1614.mp4,69
1615.mp4,60
1616.mp4,3
1617.mp4,59
1618.mp4,75
1619.mp4,5
1620.mp4,8
1621.mp4,49
1622.mp4,51
1623.mp4,72
1624.mp4,3
1625.mp4,45
1626.mp4,59
1627.mp4,30
1628.mp4,2
1629.mp4,24
1630.mp4,14
1631.mp4,26
1632.mp4,21
1633.mp4,67
1634.mp4,81
1635.mp4,36
1636.mp4,12
1637.mp4,3
1638.mp4,73
1639.mp4,29
1640.mp4,12
1641.mp4,46
1642.mp4,52
1643.mp4,48
1644.mp4,7
1645.mp4,66
1646.mp4,12
1647.mp4,69
1648.mp4,35
1649.mp4,41
1650.mp4,54
1651.mp4,59
1652.mp4,29
1653.mp4,48
1654.mp4,75
1655.mp4,11
1656.mp4,29
1657.mp4,43
1658.mp4,7
1659.mp4,43
1660.mp4,59
1661.mp4,32
1662.mp4,52
1663.mp4,12
1664.mp4,60
1665.mp4,69
1666.mp4,64
1667.mp4,6
1668.mp4,38
1669.mp4,12
1670.mp4,9
1671.mp4,52
1672.mp4,30
1673.mp4,51
1674.mp4,19
1675.mp4,48
1676.mp4,45
1677.mp4,46
1678.mp4,11
1679.mp4,31
1680.mp4,75
1681.mp4,56
1682.mp4,9
1683.mp4,46
1684.mp4,15
1685.mp4,59
1686.mp4,75
1687.mp4,50
1688.mp4,21
1689.mp4,7
1690.mp4,8
1691.mp4,73
1692.mp4,77
1693.mp4,21
1694.mp4,9
1695.mp4,12
1696.mp4,77
1697.mp4,33
1698.mp4,53
1699.mp4,22
1700.mp4,67
1701.mp4,72
1702.mp4,55
1703.mp4,34
1704.mp4,72
1705.mp4,33
1706.mp4,31
1707.mp4,55
1708.mp4,7
1709.mp4,38
1710.mp4,46
1711.mp4,41
1712.mp4,71
1713.mp4,72
1714.mp4,38
1715.mp4,51
1716.mp4,36
1717.mp4,48
1718.mp4,47
1719.mp4,71
1720.mp4,72
1721.mp4,40
1722.mp4,48
1723.mp4,35
1724.mp4,21
1725.mp4,29
1726.mp4,2
1727.mp4,29
1728.mp4,7
1729.mp4,69
1730.mp4,12
1731.mp4,16
1732.mp4,69
1733.mp4,56
1734.mp4,51
1735.mp4,59
1736.mp4,24
1737.mp4,58
1738.mp4,11
1739.mp4,24
1740.mp4,30
1741.mp4,29
1742.mp4,57
1743.mp4,11
1744.mp4,16
1745.mp4,33
1746.mp4,48
1747.mp4,77
1748.mp4,59
1749.mp4,41
1750.mp4,72
1751.mp4,49
1752.mp4,17
1753.mp4,52
1754.mp4,29
1755.mp4,73
1756.mp4,40
1757.mp4,56
1758.mp4,42
1759.mp4,2
1760.mp4,73
1761.mp4,45
1762.mp4,64
1763.mp4,49
1764.mp4,10
1765.mp4,37
1766.mp4,69
1767.mp4,71
1768.mp4,51
1769.mp4,30
1770.mp4,20
1771.mp4,37
1772.mp4,59
1773.mp4,3
1774.mp4,34
1775.mp4,3
1776.mp4,54
1777.mp4,45
1778.mp4,55
1779.mp4,70
1780.mp4,10
1781.mp4,33
1782.mp4,73
1783.mp4,49
1784.mp4,12
1785.mp4,21
1786.mp4,38
1787.mp4,56
1788.mp4,61
1789.mp4,14
1790.mp4,2
1791.mp4,40
1792.mp4,22
1793.mp4,56
1794.mp4,52
1795.mp4,35
1796.mp4,19
1797.mp4,58
1798.mp4,72
1799.mp4,5
1800.mp4,73
1801.mp4,17
1802.mp4,12
1803.mp4,50
1804.mp4,59
1805.mp4,7
1806.mp4,56
1807.mp4,56
1808.mp4,78
1809.mp4,59
1810.mp4,51
1811.mp4,30
1812.mp4,48
1813.mp4,35
1814.mp4,75
1815.mp4,25
1816.mp4,51
1817.mp4,28
1818.mp4,65
1819.mp4,75
1820.mp4,69
1821.mp4,33
1822.mp4,58
1823.mp4,29
1824.mp4,72
1825.mp4,45
1826.mp4,52
1827.mp4,12
1828.mp4,34
1829.mp4,12
1830.mp4,21
1831.mp4,14
1832.mp4,26
1833.mp4,10
1834.mp4,5
1835.mp4,70
1836.mp4,30
1837.mp4,72
1838.mp4,71
1839.mp4,14
1840.mp4,44
1841.mp4,70
1842.mp4,40
1843.mp4,33
1844.mp4,33
1845.mp4,52
1846.mp4,59
1847.mp4,69
1848.mp4,80
1849.mp4,7
1850.mp4,59
1851.mp4,45
1852.mp4,7
1853.mp4,34
1854.mp4,70
1855.mp4,61
1856.mp4,32
1857.mp4,21
1858.mp4,0
1859.mp4,81
1860.mp4,53
1861.mp4,64
1862.mp4,47
1863.mp4,55
1864.mp4,71
1865.mp4,11
1866.mp4,12
1867.mp4,40
1868.mp4,26
1869.mp4,5
1870.mp4,22
1871.mp4,70
1872.mp4,12
1873.mp4,7
1874.mp4,10
1875.mp4,2
1876.mp4,59
1877.mp4,12
1878.mp4,14
1879.mp4,48
1880.mp4,34
1881.mp4,12
1882.mp4,13
1883.mp4,12
1884.mp4,54
1885.mp4,73
1886.mp4,67
1887.mp4,42
1888.mp4,15
1889.mp4,35
1890.mp4,71
1891.mp4,24
1892.mp4,4
1893.mp4,33
1894.mp4,12
1895.mp4,23
1896.mp4,56
1897.mp4,41
1898.mp4,9
1899.mp4,71
1900.mp4,55
1901.mp4,20
1902.mp4,59
1903.mp4,72
1904.mp4,55
1905.mp4,5
1906.mp4,38
1907.mp4,7
1908.mp4,49
1909.mp4,12
1910.mp4,2
1911.mp4,12
1912.mp4,52
1913.mp4,10
1914.mp4,35
1915.mp4,45
1916.mp4,7
1917.mp4,72
1918.mp4,42
1919.mp4,64
1920.mp4,19
1921.mp4,13
1922.mp4,8
1923.mp4,45
1924.mp4,10
1925.mp4,61
1926.mp4,53
1927.mp4,73
1928.mp4,29
1929.mp4,62
1930.mp4,71
1931.mp4,30
1932.mp4,40
1933.mp4,49
1934.mp4,35
1935.mp4,5
1936.mp4,77
1937.mp4,75
1938.mp4,21
1939.mp4,52
1940.mp4,21
1941.mp4,51
1942.mp4,28
1943.mp4,35
1944.mp4,51
1945.mp4,11
1946.mp4,30
1947.mp4,70
1948.mp4,31
1949.mp4,12
1950.mp4,72
1951.mp4,34
1952.mp4,3
1953.mp4,47
1954.mp4,75
1955.mp4,69
1956.mp4,70
1957.mp4,71
1958.mp4,65
1959.mp4,59
1960.mp4,21
1961.mp4,45
1962.mp4,48
1963.mp4,41
1964.mp4,31
1965.mp4,17
1966.mp4,69
1967.mp4,0
1968.mp4,52
1969.mp4,13
1970.mp4,10
1971.mp4,20
1972.mp4,28
1973.mp4,70
1974.mp4,70
1975.mp4,70
1976.mp4,58
1977.mp4,73
1978.mp4,29
1979.mp4,57
1980.mp4,16
1981.mp4,56
1982.mp4,29
1983.mp4,56
1984.mp4,46
1985.mp4,36
1986.mp4,31
1987.mp4,56
1988.mp4,52
1989.mp4,30
1990.mp4,47
1991.mp4,56
1992.mp4,36
1993.mp4,42
1994.mp4,17
1995.mp4,77
1996.mp4,60
1997.mp4,34
1998.mp4,68
1999.mp4,12
2000.mp4,70
2001.mp4,38
2002.mp4,75
2003.mp4,41
2004.mp4,33
2005.mp4,38
2006.mp4,8
2007.mp4,20
2008.mp4,63
2009.mp4,52
2010.mp4,80
2011.mp4,19
2012.mp4,12
2013.mp4,56
2014.mp4,17
2015.mp4,70
2016.mp4,5
2017.mp4,48
2018.mp4,72
2019.mp4,30
2020.mp4,7
2021.mp4,36
2022.mp4,73
2023.mp4,41
2024.mp4,31
2025.mp4,29
2026.mp4,65
2027.mp4,30
2028.mp4,9
2029.mp4,80
2030.mp4,28
2031.mp4,24
2032.mp4,19
2033.mp4,59
2034.mp4,10
2035.mp4,45
2036.mp4,59
2037.mp4,37
2038.mp4,44
2039.mp4,17
2040.mp4,12
2041.mp4,73
2042.mp4,34
2043.mp4,24
2044.mp4,73
2045.mp4,27
2046.mp4,71
2047.mp4,36
2048.mp4,7
2049.mp4,29
2050.mp4,10
2051.mp4,52
2052.mp4,77
2053.mp4,22
2054.mp4,72
2055.mp4,42
2056.mp4,67
2057.mp4,69
2058.mp4,40
2059.mp4,36
2060.mp4,46
2061.mp4,72
2062.mp4,52
2063.mp4,5
2064.mp4,30
2065.mp4,31
2066.mp4,68
2067.mp4,36
2068.mp4,11
2069.mp4,21
2070.mp4,57
2071.mp4,61
2072.mp4,55
2073.mp4,23
2074.mp4,34
2075.mp4,23
2076.mp4,12
2077.mp4,17
2078.mp4,65
2079.mp4,33
2080.mp4,29
2081.mp4,56
2082.mp4,19
2083.mp4,41
2084.mp4,52
2085.mp4,35
2086.mp4,28
2087.mp4,75
2088.mp4,33
2089.mp4,56
2090.mp4,2
2091.mp4,45
2092.mp4,70
2093.mp4,44
2094.mp4,69
2095.mp4,24
2096.mp4,61
2097.mp4,72
2098.mp4,67
2099.mp4,49
2100.mp4,51
2101.mp4,7
2102.mp4,56
2103.mp4,55
2104.mp4,59
2105.mp4,72
2106.mp4,12
2107.mp4,41
2108.mp4,41
2109.mp4,49
2110.mp4,71
2111.mp4,71
2112.mp4,7
2113.mp4,55
2114.mp4,8
2115.mp4,0
2116.mp4,23
2117.mp4,37
2118.mp4,19
2119.mp4,8
2120.mp4,35
2121.mp4,6
2122.mp4,7
2123.mp4,24
2124.mp4,29
2125.mp4,34
2126.mp4,46
2127.mp4,24
2128.mp4,71
2129.mp4,35
2130.mp4,3
2131.mp4,77
2132.mp4,7
2133.mp4,3
2134.mp4,48
2135.mp4,37
2136.mp4,30
2137.mp4,60
2138.mp4,51
2139.mp4,45
2140.mp4,58
2141.mp4,71
2142.mp4,73
2143.mp4,26
2144.mp4,10
2145.mp4,67
2146.mp4,77
2147.mp4,21
2148.mp4,33
2149.mp4,7
2150.mp4,33
2151.mp4,52
2152.mp4,9
2153.mp4,56
2154.mp4,59
2155.mp4,54
2156.mp4,16
2157.mp4,7
2158.mp4,56
2159.mp4,48
2160.mp4,52
2161.mp4,40
2162.mp4,29
2163.mp4,36
2164.mp4,0
2165.mp4,9
2166.mp4,7
2167.mp4,11
2168.mp4,29
2169.mp4,55
2170.mp4,30
2171.mp4,24
2172.mp4,19
2173.mp4,24
2174.mp4,3
2175.mp4,29
2176.mp4,53
2177.mp4,0
2178.mp4,24
2179.mp4,31
2180.mp4,21
2181.mp4,16
2182.mp4,49
2183.mp4,54
2184.mp4,17
2185.mp4,5
2186.mp4,26
2187.mp4,19
2188.mp4,71
2189.mp4,49
2190.mp4,29
2191.mp4,34
2192.mp4,71
2193.mp4,66
2194.mp4,34
2195.mp4,57
2196.mp4,11
2197.mp4,49
2198.mp4,72
2199.mp4,72
2200.mp4,36
2201.mp4,27
2202.mp4,16
2203.mp4,55
2204.mp4,33
2205.mp4,48
2206.mp4,44
2207.mp4,21
2208.mp4,21
2209.mp4,16
2210.mp4,34
2211.mp4,47
2212.mp4,21
2213.mp4,7
2214.mp4,49
2215.mp4,73
2216.mp4,75
2217.mp4,7
2218.mp4,45
2219.mp4,59
2220.mp4,16
2221.mp4,72
2222.mp4,29
2223.mp4,29
2224.mp4,29
2225.mp4,72
2226.mp4,58
2227.mp4,56
2228.mp4,14
2229.mp4,24
2230.mp4,43
2231.mp4,52
2232.mp4,34
2233.mp4,49
2234.mp4,24
2235.mp4,71
2236.mp4,52
2237.mp4,24
2238.mp4,56
2239.mp4,36
2240.mp4,29
2241.mp4,11
2242.mp4,41
2243.mp4,53
2244.mp4,49
2245.mp4,53
2246.mp4,75
2247.mp4,68
2248.mp4,69
2249.mp4,30
2250.mp4,45
2251.mp4,55
2252.mp4,26
2253.mp4,30
2254.mp4,21
2255.mp4,56
2256.mp4,48
2257.mp4,7
2258.mp4,41
2259.mp4,73
2260.mp4,9
2261.mp4,33
2262.mp4,21
2263.mp4,28
2264.mp4,53
2265.mp4,47
2266.mp4,5
2267.mp4,34
2268.mp4,70
2269.mp4,71
2270.mp4,29
2271.mp4,33
2272.mp4,11
2273.mp4,56
2274.mp4,65
2275.mp4,24
2276.mp4,20
2277.mp4,45
2278.mp4,73
2279.mp4,8
2280.mp4,55
2281.mp4,23
2282.mp4,50
2283.mp4,19
2284.mp4,16
2285.mp4,9
2286.mp4,26
2287.mp4,73
2288.mp4,24
2289.mp4,49
2290.mp4,26
2291.mp4,30
2292.mp4,64
2293.mp4,17
2294.mp4,37
2295.mp4,9
2296.mp4,53
2297.mp4,12
2298.mp4,26
2299.mp4,54
2300.mp4,46
2301.mp4,72
2302.mp4,33
2303.mp4,73
2304.mp4,45
2305.mp4,36
2306.mp4,46
2307.mp4,29
2308.mp4,36
2309.mp4,2
2310.mp4,14
2311.mp4,7
2312.mp4,40
2313.mp4,72
2314.mp4,12
2315.mp4,70
2316.mp4,36
2317.mp4,26
2318.mp4,20
2319.mp4,19
2320.mp4,12
2321.mp4,72
2322.mp4,29
2323.mp4,38
2324.mp4,28
2325.mp4,48
2326.mp4,48
2327.mp4,57
2328.mp4,14
2329.mp4,21
2330.mp4,59
2331.mp4,5
2332.mp4,47
2333.mp4,29
2334.mp4,0
2335.mp4,44
2336.mp4,20
2337.mp4,7
2338.mp4,73
2339.mp4,22
2340.mp4,28
2341.mp4,28
2342.mp4,12
2343.mp4,70
2344.mp4,31
2345.mp4,40
2346.mp4,26
2347.mp4,65
2348.mp4,73
2349.mp4,55
2350.mp4,52
2351.mp4,75
2352.mp4,12
2353.mp4,78
2354.mp4,10
2355.mp4,17
2356.mp4,52
2357.mp4,57
2358.mp4,35
2359.mp4,73
2360.mp4,14
2361.mp4,53
2362.mp4,34
2363.mp4,12
2364.mp4,53
2365.mp4,72
2366.mp4,56
2367.mp4,71
2368.mp4,54
2369.mp4,21
2370.mp4,45
2371.mp4,72
2372.mp4,67
2373.mp4,12
2374.mp4,17
2375.mp4,24
2376.mp4,12
2377.mp4,7
2378.mp4,59
2379.mp4,17
2380.mp4,70
2381.mp4,52
2382.mp4,12
2383.mp4,29
2384.mp4,21
2385.mp4,41
2386.mp4,35
2387.mp4,29
2388.mp4,69
2389.mp4,70
2390.mp4,72
2391.mp4,14
2392.mp4,6
2393.mp4,51
2394.mp4,5
2395.mp4,54
2396.mp4,72
2397.mp4,29
2398.mp4,21
2399.mp4,26
2400.mp4,67
2401.mp4,34
2402.mp4,9
2403.mp4,12
2404.mp4,3
2405.mp4,81
2406.mp4,60
2407.mp4,30
2408.mp4,73
2409.mp4,11
2410.mp4,71
2411.mp4,35
2412.mp4,3
2413.mp4,43
2414.mp4,40
2415.mp4,73
2416.mp4,75
2417.mp4,24
2418.mp4,71
2419.mp4,75
2420.mp4,34
2421.mp4,17
2422.mp4,24
2423.mp4,21
2424.mp4,33
2425.mp4,13
2426.mp4,72
2427.mp4,73
2428.mp4,45
2429.mp4,29
2430.mp4,58
2431.mp4,65
2432.mp4,21
2433.mp4,48
2434.mp4,33
2435.mp4,73
2436.mp4,33
2437.mp4,45
2438.mp4,59
2439.mp4,48
2440.mp4,14
2441.mp4,77
2442.mp4,75
2443.mp4,12
2444.mp4,30
2445.mp4,14
2446.mp4,38
2447.mp4,26
2448.mp4,21
2449.mp4,41
2450.mp4,75
2451.mp4,8
2452.mp4,36
2453.mp4,70
2454.mp4,77
2455.mp4,65
2456.mp4,3
2457.mp4,45
2458.mp4,33
2459.mp4,40
2460.mp4,36
2461.mp4,69
2462.mp4,54
2463.mp4,7
2464.mp4,51
2465.mp4,64
2466.mp4,42
2467.mp4,40
2468.mp4,36
2469.mp4,30
2470.mp4,16
2471.mp4,12
2472.mp4,41
2473.mp4,24
2474.mp4,44
2475.mp4,55
2476.mp4,55
2477.mp4,7
2478.mp4,70
2479.mp4,24
2480.mp4,29
2481.mp4,37
2482.mp4,24
2483.mp4,45
2484.mp4,36
2485.mp4,73
2486.mp4,38
2487.mp4,7
2488.mp4,11
2489.mp4,13
2490.mp4,60
2491.mp4,34
2492.mp4,12
2493.mp4,12
2494.mp4,56
2495.mp4,48
2496.mp4,64
2497.mp4,13
2498.mp4,61
2499.mp4,75
2500.mp4,54
2501.mp4,28
2502.mp4,73
2503.mp4,81
2504.mp4,72
2505.mp4,69
2506.mp4,40
2507.mp4,56
2508.mp4,35
2509.mp4,24
2510.mp4,9
2511.mp4,44
2512.mp4,55
2513.mp4,36
2514.mp4,52
2515.mp4,33
2516.mp4,53
2517.mp4,49
2518.mp4,38
2519.mp4,51
2520.mp4,77
2521.mp4,31
2522.mp4,30
2523.mp4,34
2524.mp4,52
2525.mp4,17
2526.mp4,30
2527.mp4,29
2528.mp4,29
2529.mp4,33
2530.mp4,8
2531.mp4,72
2532.mp4,43
2533.mp4,21
2534.mp4,29
2535.mp4,50
2536.mp4,12
2537.mp4,70
2538.mp4,31
2539.mp4,29
2540.mp4,48
2541.mp4,21
2542.mp4,52
2543.mp4,41
2544.mp4,9
2545.mp4,29
2546.mp4,47
2547.mp4,30
2548.mp4,28
2549.mp4,43
2550.mp4,0
2551.mp4,72
2552.mp4,72
2553.mp4,71
2554.mp4,43
2555.mp4,12
2556.mp4,31
2557.mp4,33
2558.mp4,29
2559.mp4,44
2560.mp4,28
2561.mp4,56
2562.mp4,65
2563.mp4,30
2564.mp4,30
2565.mp4,61
2566.mp4,16
2567.mp4,75
2568.mp4,21
2569.mp4,25
2570.mp4,11
2571.mp4,72
2572.mp4,67
2573.mp4,34
2574.mp4,72
2575.mp4,29
2576.mp4,45
2577.mp4,13
2578.mp4,53
2579.mp4,21
2580.mp4,24
2581.mp4,40
2582.mp4,10
2583.mp4,12
2584.mp4,57
2585.mp4,26
2586.mp4,71
2587.mp4,72
2588.mp4,57
2589.mp4,71
2590.mp4,80
2591.mp4,24
2592.mp4,41
2593.mp4,30
2594.mp4,57
2595.mp4,60
2596.mp4,11
2597.mp4,29
2598.mp4,78
2599.mp4,43
2600.mp4,31
2601.mp4,7
2602.mp4,26
2603.mp4,70
2604.mp4,58
2605.mp4,59
2606.mp4,26
2607.mp4,54
2608.mp4,21
2609.mp4,12
2610.mp4,34
2611.mp4,10
2612.mp4,56
2613.mp4,11
2614.mp4,17
2615.mp4,34
2616.mp4,26
2617.mp4,47
2618.mp4,8
2619.mp4,31
2620.mp4,3
2621.mp4,28
2622.mp4,29
2623.mp4,29
2624.mp4,29
2625.mp4,24
2626.mp4,47
2627.mp4,34
2628.mp4,40
2629.mp4,44
2630.mp4,28
2631.mp4,33
2632.mp4,12
2633.mp4,26
2634.mp4,29
2635.mp4,56
2636.mp4,51
2637.mp4,48
2638.mp4,58
2639.mp4,40
2640.mp4,47
2641.mp4,2
2642.mp4,49
2643.mp4,44
2644.mp4,14
2645.mp4,12
2646.mp4,12
2647.mp4,29
2648.mp4,48
2649.mp4,52
2650.mp4,33
2651.mp4,34
2652.mp4,8
2653.mp4,80
2654.mp4,7
2655.mp4,17
2656.mp4,7
2657.mp4,55
2658.mp4,21
2659.mp4,30
2660.mp4,53
2661.mp4,28
2662.mp4,20
2663.mp4,29
2664.mp4,45
2665.mp4,21
2666.mp4,34
2667.mp4,29
2668.mp4,40
2669.mp4,71
2670.mp4,70
2671.mp4,16
2672.mp4,30
2673.mp4,44
2674.mp4,29
2675.mp4,30
2676.mp4,47
2677.mp4,12
2678.mp4,33
2679.mp4,34
2680.mp4,47
2681.mp4,51
2682.mp4,22
2683.mp4,0
2684.mp4,40
2685.mp4,24
2686.mp4,35
2687.mp4,37
2688.mp4,7
2689.mp4,12
2690.mp4,14
2691.mp4,34
2692.mp4,7
2693.mp4,71
2694.mp4,54
2695.mp4,41
2696.mp4,26
2697.mp4,37
2698.mp4,73
2699.mp4,44
2700.mp4,26
2701.mp4,55
2702.mp4,21
2703.mp4,24
2704.mp4,31
2705.mp4,14
2706.mp4,21
2707.mp4,12
2708.mp4,48
2709.mp4,69
2710.mp4,28
2711.mp4,7
2712.mp4,28
2713.mp4,11
2714.mp4,45
2715.mp4,72
2716.mp4,59
2717.mp4,12
2718.mp4,42
2719.mp4,10
2720.mp4,7
2721.mp4,73
2722.mp4,12
2723.mp4,12
2724.mp4,13
2725.mp4,41
2726.mp4,43
2727.mp4,36
2728.mp4,47
2729.mp4,36
2730.mp4,31
2731.mp4,49
2732.mp4,24
2733.mp4,12
2734.mp4,54
2735.mp4,54
2736.mp4,9
2737.mp4,62
2738.mp4,51
2739.mp4,71
2740.mp4,65
2741.mp4,30
2742.mp4,77
2743.mp4,46
2744.mp4,69
2745.mp4,37
2746.mp4,54
2747.mp4,24
2748.mp4,44
2749.mp4,3
2750.mp4,36
2751.mp4,29
2752.mp4,69
2753.mp4,17
2754.mp4,24
2755.mp4,29
2756.mp4,33
2757.mp4,12
2758.mp4,22
2759.mp4,72
2760.mp4,8
2761.mp4,33
2762.mp4,29
2763.mp4,8
2764.mp4,5
2765.mp4,58
2766.mp4,16
2767.mp4,29
2768.mp4,56
2769.mp4,22
2770.mp4,9
2771.mp4,67
2772.mp4,45
2773.mp4,47
2774.mp4,57
2775.mp4,77
2776.mp4,43
2777.mp4,55
2778.mp4,72
2779.mp4,75
2780.mp4,51
2781.mp4,34
2782.mp4,57
2783.mp4,26
2784.mp4,24
2785.mp4,73
2786.mp4,41
2787.mp4,21
2788.mp4,24
2789.mp4,72
2790.mp4,57
2791.mp4,0
2792.mp4,21
2793.mp4,41
2794.mp4,30
2795.mp4,51
2796.mp4,20
2797.mp4,12
2798.mp4,52
2799.mp4,64
2800.mp4,14
2801.mp4,7
2802.mp4,47
2803.mp4,54
2804.mp4,50
2805.mp4,7
2806.mp4,11
2807.mp4,55
2808.mp4,51
2809.mp4,20
2810.mp4,26
2811.mp4,0
2812.mp4,29
2813.mp4,12
2814.mp4,9
2815.mp4,59
2816.mp4,33
2817.mp4,61
2818.mp4,21
2819.mp4,31
2820.mp4,69
2821.mp4,71
2822.mp4,53
2823.mp4,28
2824.mp4,45
2825.mp4,29
2826.mp4,16
2827.mp4,48
2828.mp4,7
2829.mp4,56
2830.mp4,47
2831.mp4,44
2832.mp4,43
2833.mp4,12
2834.mp4,56
2835.mp4,2
2836.mp4,34
2837.mp4,51
2838.mp4,4
2839.mp4,56
2840.mp4,2
2841.mp4,34
2842.mp4,70
2843.mp4,71
2844.mp4,7
2845.mp4,29
2846.mp4,24
2847.mp4,33
2848.mp4,78
2849.mp4,45
2850.mp4,78
2851.mp4,24
2852.mp4,69
2853.mp4,52
2854.mp4,70
2855.mp4,26
2856.mp4,60
2857.mp4,9
2858.mp4,51
2859.mp4,12
2860.mp4,42
2861.mp4,78
2862.mp4,21
2863.mp4,9
2864.mp4,12
2865.mp4,69
2866.mp4,20
2867.mp4,60
2868.mp4,56
2869.mp4,46
2870.mp4,60
2871.mp4,80
2872.mp4,51
2873.mp4,3
2874.mp4,71
2875.mp4,26
2876.mp4,16
2877.mp4,7
2878.mp4,29
2879.mp4,12
2880.mp4,29
2881.mp4,47
2882.mp4,26
2883.mp4,81
2884.mp4,62
2885.mp4,53
2886.mp4,7
2887.mp4,58
2888.mp4,12
2889.mp4,30
2890.mp4,59
2891.mp4,9
2892.mp4,24
2893.mp4,51
2894.mp4,30
2895.mp4,49
2896.mp4,52
2897.mp4,62
2898.mp4,31
2899.mp4,12
2900.mp4,72
2901.mp4,26
2902.mp4,24
2903.mp4,61
2904.mp4,9
2905.mp4,72
2906.mp4,72
2907.mp4,31
2908.mp4,21
2909.mp4,56
2910.mp4,7
2911.mp4,38
2912.mp4,26
2913.mp4,72
2914.mp4,2
2915.mp4,45
2916.mp4,45
2917.mp4,5
2918.mp4,55
2919.mp4,59
2920.mp4,72
2921.mp4,49
2922.mp4,44
2923.mp4,47
2924.mp4,31
2925.mp4,59
2926.mp4,81
2927.mp4,29
2928.mp4,0
2929.mp4,20
2930.mp4,68
2931.mp4,49
2932.mp4,31
2933.mp4,16
2934.mp4,16
2935.mp4,29
2936.mp4,58
2937.mp4,29
2938.mp4,56
2939.mp4,48
2940.mp4,21
2941.mp4,44
2942.mp4,31
2943.mp4,67
2944.mp4,75
2945.mp4,57
2946.mp4,52
2947.mp4,81
2948.mp4,12
2949.mp4,30
2950.mp4,12
2951.mp4,45
2952.mp4,77
2953.mp4,80
2954.mp4,29
2955.mp4,58
2956.mp4,12
2957.mp4,67
2958.mp4,7
2959.mp4,17
2960.mp4,54
2961.mp4,7
2962.mp4,9
2963.mp4,36
2964.mp4,46
2965.mp4,72
2966.mp4,21
2967.mp4,52
2968.mp4,7
2969.mp4,34
2970.mp4,53
2971.mp4,45
2972.mp4,16
2973.mp4,21
2974.mp4,24
2975.mp4,69
2976.mp4,52
2977.mp4,17
2978.mp4,51
2979.mp4,69
2980.mp4,26
2981.mp4,24
2982.mp4,47
2983.mp4,66
2984.mp4,47
2985.mp4,29
2986.mp4,3
2987.mp4,11
2988.mp4,72
2989.mp4,24
2990.mp4,53
2991.mp4,29
2992.mp4,24
2993.mp4,72
2994.mp4,35
2995.mp4,45
2996.mp4,41
2997.mp4,55
2998.mp4,52
2999.mp4,71
3000.mp4,71
3001.mp4,7
3002.mp4,51
3003.mp4,56
3004.mp4,29
3005.mp4,52
3006.mp4,20
3007.mp4,71
3008.mp4,45
3009.mp4,55
3010.mp4,75
3011.mp4,28
3012.mp4,48
3013.mp4,71
3014.mp4,51
3015.mp4,21
3016.mp4,14
3017.mp4,29
3018.mp4,12
3019.mp4,9
3020.mp4,64
3021.mp4,52
3022.mp4,31
3023.mp4,58
3024.mp4,49
3025.mp4,7
3026.mp4,35
3027.mp4,50
3028.mp4,78
3029.mp4,51
3030.mp4,35
3031.mp4,3
3032.mp4,61
3033.mp4,43
3034.mp4,49
3035.mp4,9
3036.mp4,25
3037.mp4,70
3038.mp4,28
3039.mp4,6
3040.mp4,30
3041.mp4,35
3042.mp4,33
3043.mp4,36
3044.mp4,51
3045.mp4,57
3046.mp4,21
3047.mp4,45
3048.mp4,26
3049.mp4,47
3050.mp4,71
3051.mp4,11
3052.mp4,31
3053.mp4,7
3054.mp4,24
3055.mp4,34
3056.mp4,7
3057.mp4,58
3058.mp4,42
3059.mp4,24
3060.mp4,26
3061.mp4,31
3062.mp4,21
3063.mp4,21
3064.mp4,52
3065.mp4,33
3066.mp4,3
3067.mp4,29
3068.mp4,7
3069.mp4,75
3070.mp4,54
3071.mp4,29
3072.mp4,24
3073.mp4,28
3074.mp4,33
3075.mp4,59
3076.mp4,70
3077.mp4,42
3078.mp4,61
3079.mp4,61
3080.mp4,46
3081.mp4,34
3082.mp4,8
3083.mp4,7
3084.mp4,54
3085.mp4,52
3086.mp4,10
3087.mp4,30
3088.mp4,52
3089.mp4,56
3090.mp4,30
3091.mp4,28
3092.mp4,11
3093.mp4,69
3094.mp4,24
3095.mp4,48
3096.mp4,70
3097.mp4,28
3098.mp4,16
3099.mp4,51
3100.mp4,67
3101.mp4,59
3102.mp4,30
3103.mp4,45
3104.mp4,14
3105.mp4,36
3106.mp4,51
3107.mp4,59
3108.mp4,47
3109.mp4,33
3110.mp4,36
3111.mp4,34
3112.mp4,51
3113.mp4,22
3114.mp4,11
3115.mp4,50
3116.mp4,61
3117.mp4,11
3118.mp4,14
3119.mp4,71
3120.mp4,7
3121.mp4,56
3122.mp4,45
3123.mp4,64
3124.mp4,34
3125.mp4,24
3126.mp4,29
3127.mp4,5
3128.mp4,12
3129.mp4,7
3130.mp4,8
3131.mp4,54
3132.mp4,72
3133.mp4,34
3134.mp4,22
3135.mp4,34
3136.mp4,0
3137.mp4,28
3138.mp4,19
3139.mp4,56
3140.mp4,4
3141.mp4,7
3142.mp4,31
3143.mp4,72
3144.mp4,51
3145.mp4,34
3146.mp4,20
3147.mp4,56
3148.mp4,43
3149.mp4,24
3150.mp4,29
3151.mp4,50
3152.mp4,69
3153.mp4,12
3154.mp4,55
3155.mp4,52
3156.mp4,69
3157.mp4,3
3158.mp4,12
3159.mp4,11
3160.mp4,57
3161.mp4,55
3162.mp4,23
3163.mp4,71
3164.mp4,26
3165.mp4,16
3166.mp4,45
3167.mp4,12
3168.mp4,29
3169.mp4,11
3170.mp4,29
3171.mp4,11
3172.mp4,64
3173.mp4,73
3174.mp4,21
3175.mp4,59
3176.mp4,37
3177.mp4,2
3178.mp4,29
3179.mp4,21
3180.mp4,0
3181.mp4,50
3182.mp4,56
3183.mp4,56
3184.mp4,69
3185.mp4,24
3186.mp4,7
3187.mp4,21
3188.mp4,73
3189.mp4,55
3190.mp4,0
3191.mp4,8
3192.mp4,21
3193.mp4,24
3194.mp4,29
3195.mp4,12
3196.mp4,11
3197.mp4,26
3198.mp4,36
3199.mp4,21
3200.mp4,29
3201.mp4,26
3202.mp4,12
3203.mp4,30
3204.mp4,21
3205.mp4,34
3206.mp4,54
3207.mp4,58
3208.mp4,26
3209.mp4,51
3210.mp4,46
3211.mp4,29
3212.mp4,0
3213.mp4,54
3214.mp4,51
3215.mp4,52
3216.mp4,80
3217.mp4,7
3218.mp4,38
3219.mp4,9
3220.mp4,12
3221.mp4,45
3222.mp4,21
3223.mp4,29
3224.mp4,17
3225.mp4,12
3226.mp4,58
3227.mp4,12
3228.mp4,49
3229.mp4,29
3230.mp4,54
3231.mp4,36
3232.mp4,77
3233.mp4,31
3234.mp4,12
3235.mp4,72
3236.mp4,77
3237.mp4,70
3238.mp4,70
3239.mp4,28
3240.mp4,29
3241.mp4,8
3242.mp4,48
3243.mp4,11
3244.mp4,57
3245.mp4,2
3246.mp4,35
3247.mp4,56
3248.mp4,61
3249.mp4,77
3250.mp4,56
3251.mp4,65
3252.mp4,42
3253.mp4,43
3254.mp4,72
3255.mp4,71
3256.mp4,51
3257.mp4,29
3258.mp4,41
3259.mp4,29
3260.mp4,12
3261.mp4,38
3262.mp4,35
3263.mp4,56
3264.mp4,53
3265.mp4,12
3266.mp4,62
3267.mp4,51
3268.mp4,31
3269.mp4,12
3270.mp4,71
3271.mp4,70
3272.mp4,47
3273.mp4,69
3274.mp4,72
3275.mp4,56
3276.mp4,64
3277.mp4,59
3278.mp4,73
3279.mp4,26
3280.mp4,80
3281.mp4,26
3282.mp4,34
3283.mp4,12
3284.mp4,53
3285.mp4,43
3286.mp4,57
3287.mp4,35
3288.mp4,34
3289.mp4,12
3290.mp4,72
3291.mp4,47
3292.mp4,71
3293.mp4,21
3294.mp4,56
3295.mp4,11
3296.mp4,52
3297.mp4,59
3298.mp4,40
3299.mp4,58
3300.mp4,71
3301.mp4,52
3302.mp4,31
3303.mp4,56
3304.mp4,12
3305.mp4,0
3306.mp4,11
3307.mp4,0
3308.mp4,67
3309.mp4,75
3310.mp4,75
3311.mp4,7
3312.mp4,67
3313.mp4,52
3314.mp4,75
3315.mp4,75
3316.mp4,24
3317.mp4,33
3318.mp4,38
3319.mp4,51
3320.mp4,54
3321.mp4,33
3322.mp4,21
3323.mp4,7
3324.mp4,67
3325.mp4,40
3326.mp4,7
3327.mp4,20
3328.mp4,70
3329.mp4,11
3330.mp4,43
3331.mp4,7
3332.mp4,41
3333.mp4,29
3334.mp4,24
3335.mp4,30
3336.mp4,26
3337.mp4,58
3338.mp4,53
3339.mp4,59
3340.mp4,42
3341.mp4,55
3342.mp4,55
3343.mp4,35
3344.mp4,17
3345.mp4,51
3346.mp4,30
3347.mp4,11
3348.mp4,69
3349.mp4,3
3350.mp4,24
3351.mp4,26
3352.mp4,50
3353.mp4,29
3354.mp4,72
3355.mp4,49
3356.mp4,61
3357.mp4,28
3358.mp4,26
3359.mp4,7
3360.mp4,54
3361.mp4,45
3362.mp4,31
3363.mp4,31
3364.mp4,3
3365.mp4,33
3366.mp4,43
3367.mp4,12
3368.mp4,7
3369.mp4,46
3370.mp4,42
3371.mp4,61
3372.mp4,72
3373.mp4,33
3374.mp4,38
3375.mp4,13
3376.mp4,43
3377.mp4,51
3378.mp4,10
3379.mp4,24
3380.mp4,11
3381.mp4,38
3382.mp4,30
3383.mp4,14
3384.mp4,26
3385.mp4,7
3386.mp4,77
3387.mp4,45
3388.mp4,38
3389.mp4,8
3390.mp4,56
3391.mp4,54
3392.mp4,80
3393.mp4,17
3394.mp4,35
3395.mp4,69
3396.mp4,29
3397.mp4,7
3398.mp4,57
3399.mp4,54
3400.mp4,57
3401.mp4,24
3402.mp4,12
3403.mp4,33
3404.mp4,0
3405.mp4,71
3406.mp4,9
3407.mp4,77
3408.mp4,53
3409.mp4,61
3410.mp4,73
3411.mp4,12
3412.mp4,21
3413.mp4,29
3414.mp4,37
3415.mp4,12
3416.mp4,54
3417.mp4,35
3418.mp4,50
3419.mp4,16
3420.mp4,20
3421.mp4,41
3422.mp4,35
3423.mp4,16
3424.mp4,16
3425.mp4,24
3426.mp4,36
3427.mp4,33
3428.mp4,7
3429.mp4,45
3430.mp4,72
3431.mp4,78
3432.mp4,8
3433.mp4,41
3434.mp4,29
3435.mp4,65
3436.mp4,7
3437.mp4,7
3438.mp4,21
3439.mp4,30
3440.mp4,26
3441.mp4,72
3442.mp4,72
3443.mp4,46
3444.mp4,24
3445.mp4,11
3446.mp4,33
3447.mp4,7
3448.mp4,45
3449.mp4,59
3450.mp4,16
3451.mp4,55
3452.mp4,48
3453.mp4,46
3454.mp4,55
3455.mp4,29
3456.mp4,50
3457.mp4,80
3458.mp4,17
3459.mp4,21
3460.mp4,47
3461.mp4,31
3462.mp4,33
3463.mp4,12
3464.mp4,80
3465.mp4,3
3466.mp4,52
3467.mp4,19
3468.mp4,0
3469.mp4,34
3470.mp4,35
3471.mp4,26
3472.mp4,55
3473.mp4,69
3474.mp4,31
3475.mp4,35
3476.mp4,71
3477.mp4,45
3478.mp4,29
3479.mp4,21
3480.mp4,2
3481.mp4,24
3482.mp4,72
3483.mp4,56
3484.mp4,71
3485.mp4,34
3486.mp4,7
3487.mp4,33
3488.mp4,16
3489.mp4,56
3490.mp4,31
3491.mp4,12
3492.mp4,26
3493.mp4,49
3494.mp4,72
3495.mp4,12
3496.mp4,12
3497.mp4,20
3498.mp4,47
3499.mp4,45
3500.mp4,12
3501.mp4,48
3502.mp4,51
3503.mp4,24
3504.mp4,21
3505.mp4,26
3506.mp4,72
3507.mp4,26
3508.mp4,47
3509.mp4,71
3510.mp4,71
3511.mp4,31
3512.mp4,69
3513.mp4,5
3514.mp4,56
3515.mp4,36
3516.mp4,49
3517.mp4,24
3518.mp4,43
3519.mp4,61
3520.mp4,73
3521.mp4,27
3522.mp4,0
3523.mp4,7
3524.mp4,33
3525.mp4,72
3526.mp4,59
3527.mp4,47
3528.mp4,24
3529.mp4,43
3530.mp4,34
3531.mp4,45
3532.mp4,7
3533.mp4,61
3534.mp4,55
3535.mp4,49
3536.mp4,7
3537.mp4,22
3538.mp4,29
3539.mp4,59
3540.mp4,24
3541.mp4,77
3542.mp4,0
3543.mp4,40
3544.mp4,73
3545.mp4,80
3546.mp4,11
3547.mp4,35
3548.mp4,77
3549.mp4,28
3550.mp4,38
3551.mp4,7
3552.mp4,50
3553.mp4,52
3554.mp4,24
3555.mp4,24
3556.mp4,49
3557.mp4,2
3558.mp4,8
3559.mp4,71
3560.mp4,59
3561.mp4,10
3562.mp4,81
3563.mp4,71
3564.mp4,34
3565.mp4,51
3566.mp4,69
3567.mp4,69
3568.mp4,53
3569.mp4,73
3570.mp4,56
3571.mp4,73
3572.mp4,26
3573.mp4,77
3574.mp4,40
3575.mp4,66
3576.mp4,57
3577.mp4,26
3578.mp4,30
3579.mp4,36
3580.mp4,73
3581.mp4,72
3582.mp4,78
3583.mp4,48
3584.mp4,29
3585.mp4,54
3586.mp4,14
3587.mp4,72
3588.mp4,72
3589.mp4,3
3590.mp4,51
3591.mp4,26
3592.mp4,41
3593.mp4,36
3594.mp4,72
3595.mp4,24
3596.mp4,5
3597.mp4,75
3598.mp4,34
3599.mp4,26
3600.mp4,29
3601.mp4,12
3602.mp4,11
3603.mp4,37
3604.mp4,16
3605.mp4,55
3606.mp4,14
3607.mp4,71
3608.mp4,26
3609.mp4,31
3610.mp4,47
3611.mp4,0
3612.mp4,21
3613.mp4,7
3614.mp4,55
3615.mp4,33
3616.mp4,31
3617.mp4,59
3618.mp4,70
3619.mp4,49
3620.mp4,33
3621.mp4,62
3622.mp4,49
3623.mp4,72
3624.mp4,16
3625.mp4,65
3626.mp4,30
3627.mp4,0
3628.mp4,26
3629.mp4,71
3630.mp4,58
3631.mp4,51
3632.mp4,26
3633.mp4,48
3634.mp4,34
3635.mp4,77
3636.mp4,65
3637.mp4,70
3638.mp4,14
3639.mp4,29
3640.mp4,31
3641.mp4,34
3642.mp4,9
3643.mp4,24
3644.mp4,71
3645.mp4,55
3646.mp4,49
3647.mp4,12
3648.mp4,71
3649.mp4,29
3650.mp4,16
3651.mp4,50
3652.mp4,28
3653.mp4,2
3654.mp4,77
3655.mp4,70
3656.mp4,14
3657.mp4,54
3658.mp4,45
3659.mp4,56
3660.mp4,56
3661.mp4,59
3662.mp4,7
3663.mp4,57
3664.mp4,45
3665.mp4,51
3666.mp4,26
3667.mp4,9
3668.mp4,14
3669.mp4,30
3670.mp4,57
3671.mp4,48
3672.mp4,28
3673.mp4,38
3674.mp4,54
3675.mp4,66
3676.mp4,65
3677.mp4,2
3678.mp4,29
3679.mp4,36
3680.mp4,47
3681.mp4,50
3682.mp4,3
3683.mp4,59
3684.mp4,43
3685.mp4,55
3686.mp4,70
3687.mp4,29
3688.mp4,67
3689.mp4,3
3690.mp4,72
3691.mp4,12
3692.mp4,20
3693.mp4,49
3694.mp4,12
3695.mp4,48
3696.mp4,43
3697.mp4,26
3698.mp4,11
3699.mp4,38
3700.mp4,11
3701.mp4,57
3702.mp4,70
3703.mp4,47
3704.mp4,80
3705.mp4,61
3706.mp4,10
3707.mp4,7
3708.mp4,66
3709.mp4,30
3710.mp4,71
3711.mp4,9
3712.mp4,34
3713.mp4,36
3714.mp4,4
3715.mp4,12
3716.mp4,29
3717.mp4,48
3718.mp4,53
3719.mp4,34
3720.mp4,29
3721.mp4,72
3722.mp4,29
3723.mp4,12
3724.mp4,45
3725.mp4,57
3726.mp4,3
3727.mp4,10
3728.mp4,12
3729.mp4,24
3730.mp4,11
3731.mp4,5
3732.mp4,14
3733.mp4,52
3734.mp4,7
3735.mp4,12
3736.mp4,2
3737.mp4,12
3738.mp4,14
3739.mp4,56
3740.mp4,24
3741.mp4,10
3742.mp4,33
3743.mp4,16
3744.mp4,7
3745.mp4,26
3746.mp4,45
3747.mp4,71
3748.mp4,34
3749.mp4,7
3750.mp4,43
3751.mp4,16
3752.mp4,53
3753.mp4,46
3754.mp4,16
3755.mp4,7
3756.mp4,48
3757.mp4,11
3758.mp4,56
3759.mp4,33
3760.mp4,7
3761.mp4,12
3762.mp4,81
3763.mp4,12
3764.mp4,28
3765.mp4,31
3766.mp4,11
3767.mp4,49
3768.mp4,48
3769.mp4,12
3770.mp4,7
3771.mp4,7
3772.mp4,52
3773.mp4,31
3774.mp4,29
3775.mp4,3
3776.mp4,41
3777.mp4,73
3778.mp4,52
3779.mp4,61
3780.mp4,12
3781.mp4,10
3782.mp4,59
3783.mp4,69
3784.mp4,34
3785.mp4,73
3786.mp4,52
3787.mp4,49
3788.mp4,12
3789.mp4,72
3790.mp4,21
3791.mp4,69
3792.mp4,49
3793.mp4,40
3794.mp4,45
3795.mp4,24
3796.mp4,31
3797.mp4,57
3798.mp4,69
3799.mp4,35
3800.mp4,35
3801.mp4,35
3802.mp4,71
3803.mp4,66
3804.mp4,34
3805.mp4,72
3806.mp4,54
3807.mp4,54
3808.mp4,9
3809.mp4,52
3810.mp4,49
3811.mp4,54
3812.mp4,64
3813.mp4,72
3814.mp4,31
3815.mp4,12
3816.mp4,29
3817.mp4,56
3818.mp4,0
3819.mp4,41
3820.mp4,36
3821.mp4,69
3822.mp4,24
3823.mp4,7
3824.mp4,2
3825.mp4,72
3826.mp4,53
3827.mp4,36
3828.mp4,34
3829.mp4,12
3830.mp4,40
3831.mp4,21
3832.mp4,21
3833.mp4,7
3834.mp4,33
3835.mp4,56
3836.mp4,29
3837.mp4,14
3838.mp4,50
3839.mp4,57
3840.mp4,21
3841.mp4,20
3842.mp4,49
3843.mp4,49
3844.mp4,21
3845.mp4,51
3846.mp4,50
3847.mp4,61
3848.mp4,35
3849.mp4,31
3850.mp4,33
3851.mp4,34
3852.mp4,30
3853.mp4,12
3854.mp4,61
3855.mp4,57
3856.mp4,11
3857.mp4,0
3858.mp4,31
3859.mp4,72
3860.mp4,65
3861.mp4,9
3862.mp4,55
3863.mp4,45
3864.mp4,0
3865.mp4,30
3866.mp4,24
3867.mp4,36
3868.mp4,38
3869.mp4,12
3870.mp4,44
3871.mp4,40
3872.mp4,59
3873.mp4,0
3874.mp4,47
3875.mp4,11
3876.mp4,75
3877.mp4,55
3878.mp4,56
3879.mp4,0
3880.mp4,69
3881.mp4,29
3882.mp4,80
3883.mp4,9
3884.mp4,47
3885.mp4,21
3886.mp4,34
3887.mp4,45
3888.mp4,8
3889.mp4,72
3890.mp4,65
3891.mp4,70
3892.mp4,26
3893.mp4,41
3894.mp4,33
3895.mp4,56
3896.mp4,34
3897.mp4,24
3898.mp4,54
3899.mp4,24
3900.mp4,69
3901.mp4,24
3902.mp4,35
3903.mp4,75
3904.mp4,81
3905.mp4,65
3906.mp4,16
3907.mp4,2
3908.mp4,53
3909.mp4,43
3910.mp4,48
3911.mp4,33
3912.mp4,34
3913.mp4,66
3914.mp4,71
3915.mp4,2
3916.mp4,72
3917.mp4,12
3918.mp4,24
3919.mp4,80
3920.mp4,45
3921.mp4,12
3922.mp4,51
3923.mp4,69
3924.mp4,56
3925.mp4,24
3926.mp4,45
3927.mp4,33
3928.mp4,33
3929.mp4,29
3930.mp4,55
3931.mp4,56
3932.mp4,55
3933.mp4,10
3934.mp4,49
3935.mp4,21
3936.mp4,78
3937.mp4,24
3938.mp4,24
3939.mp4,47
3940.mp4,77
3941.mp4,45
3942.mp4,61
3943.mp4,5
3944.mp4,67
3945.mp4,26
3946.mp4,51
3947.mp4,12
3948.mp4,49
3949.mp4,7
3950.mp4,51
3951.mp4,26
3952.mp4,78
3953.mp4,21
3954.mp4,21
3955.mp4,21
3956.mp4,5
3957.mp4,56
3958.mp4,26
3959.mp4,65
3960.mp4,36
3961.mp4,56
3962.mp4,72
3963.mp4,46
3964.mp4,16
3965.mp4,12
3966.mp4,71
3967.mp4,7
3968.mp4,59
3969.mp4,17
3970.mp4,12
3971.mp4,34
3972.mp4,40
3973.mp4,36
3974.mp4,34
3975.mp4,50
3976.mp4,33
3977.mp4,73
3978.mp4,69
3979.mp4,12
3980.mp4,55
3981.mp4,51
3982.mp4,29
3983.mp4,53
3984.mp4,45
3985.mp4,48
3986.mp4,76
3987.mp4,71
3988.mp4,71
3989.mp4,13
3990.mp4,10
3991.mp4,82
3992.mp4,83
3993.mp4,82
3994.mp4,84
3995.mp4,82
3996.mp4,82
3997.mp4,7
3998.mp4,82
3999.mp4,82
4000.mp4,82
4001.mp4,40
4002.mp4,21
4003.mp4,10
4004.mp4,58
4005.mp4,82
4006.mp4,37
4007.mp4,82
4008.mp4,16
4009.mp4,16
4010.mp4,85
4011.mp4,84
4012.mp4,85
4013.mp4,86
4014.mp4,4
4015.mp4,84
4016.mp4,40
4017.mp4,16
4018.mp4,25
4019.mp4,82
4020.mp4,16
4021.mp4,82
4022.mp4,86
4023.mp4,75
4024.mp4,7
4025.mp4,10
4026.mp4,10
4027.mp4,10
4028.mp4,82
4029.mp4,83
4030.mp4,10
4031.mp4,84
4032.mp4,10
4033.mp4,82
4034.mp4,82
4035.mp4,7
4036.mp4,75
4037.mp4,75
4038.mp4,58
4039.mp4,16
4040.mp4,84
4041.mp4,56
4042.mp4,86
4043.mp4,82
4044.mp4,87
4045.mp4,4
4046.mp4,4
4047.mp4,82
4048.mp4,84
4049.mp4,16
4050.mp4,83
4051.mp4,82
4052.mp4,82
4053.mp4,7
4054.mp4,75
4055.mp4,58
4056.mp4,84
4057.mp4,82
4058.mp4,82
4059.mp4,82
4060.mp4,82
4061.mp4,82
4062.mp4,7
4063.mp4,86
4064.mp4,86
4065.mp4,4
4066.mp4,16
4067.mp4,7
4068.mp4,84
4069.mp4,83
4070.mp4,86
4071.mp4,10
4072.mp4,25
4073.mp4,56
4074.mp4,75
4075.mp4,84
4076.mp4,86
4077.mp4,10
4078.mp4,82
4079.mp4,82
4080.mp4,25
4081.mp4,82
4082.mp4,75
4083.mp4,82
4084.mp4,16
4085.mp4,85
4086.mp4,83
4087.mp4,85
4088.mp4,82
4089.mp4,82
4090.mp4,7
4091.mp4,82
4092.mp4,86
4093.mp4,82
4094.mp4,56
4095.mp4,16
4096.mp4,84
4097.mp4,82
4098.mp4,75
4099.mp4,40
4100.mp4,85
4101.mp4,7
4102.mp4,7
4103.mp4,75
4104.mp4,82
4105.mp4,84
4106.mp4,85
4107.mp4,21
4108.mp4,86
4109.mp4,84
4110.mp4,7
4111.mp4,82
4112.mp4,82
4113.mp4,82
4114.mp4,82
4115.mp4,7
4116.mp4,82
4117.mp4,84
4118.mp4,16
4119.mp4,75
4120.mp4,21
4121.mp4,87
4122.mp4,21
4123.mp4,75
4124.mp4,28
4125.mp4,82
4126.mp4,86
4127.mp4,25
4128.mp4,16
4129.mp4,75
4130.mp4,75
4131.mp4,87
4132.mp4,86
4133.mp4,85
4134.mp4,82
4135.mp4,13
4136.mp4,25
4137.mp4,37
4138.mp4,10
4139.mp4,21
4140.mp4,75
4141.mp4,82
4142.mp4,82
4143.mp4,85
4144.mp4,84
4145.mp4,84
4146.mp4,7
4147.mp4,82
4148.mp4,7
4149.mp4,82
4150.mp4,16
4151.mp4,7
4152.mp4,7
4153.mp4,87
4154.mp4,85
4155.mp4,28
4156.mp4,75
4157.mp4,84
4158.mp4,16
4159.mp4,84
4160.mp4,84
4161.mp4,7
4162.mp4,7
4163.mp4,4
4164.mp4,7
4165.mp4,84
4166.mp4,82
4167.mp4,7
4168.mp4,75
4169.mp4,82
4170.mp4,82
4171.mp4,83
4172.mp4,82
4173.mp4,4
4174.mp4,84
4175.mp4,82
4176.mp4,75
4177.mp4,21
4178.mp4,84
4179.mp4,7
4180.mp4,56
4181.mp4,16
4182.mp4,87
4183.mp4,75
4184.mp4,7
4185.mp4,56
4186.mp4,85
4187.mp4,82
4188.mp4,82
4189.mp4,85
4190.mp4,84
4191.mp4,82
4192.mp4,75
4193.mp4,10
4194.mp4,82
4195.mp4,82
4196.mp4,16
4197.mp4,37
4198.mp4,87
4199.mp4,21
4200.mp4,16
4201.mp4,56
4202.mp4,56
4203.mp4,82
4204.mp4,21
4205.mp4,82
4206.mp4,82
4207.mp4,75
4208.mp4,82
4209.mp4,82
4210.mp4,16
4211.mp4,28
4212.mp4,82
4213.mp4,40
4214.mp4,40
4215.mp4,82
4216.mp4,85
4217.mp4,58
4218.mp4,7
4219.mp4,83
4220.mp4,7
4221.mp4,82
4222.mp4,82
4223.mp4,10
4224.mp4,10
4225.mp4,56
4226.mp4,86
4227.mp4,7
4228.mp4,85
4229.mp4,7
4230.mp4,7
4231.mp4,84
4232.mp4,21
4233.mp4,85
4234.mp4,84
4235.mp4,86
4236.mp4,16
4237.mp4,86
4238.mp4,86
4239.mp4,28
4240.mp4,84
4241.mp4,56
4242.mp4,84
4243.mp4,82
4244.mp4,82
4245.mp4,75
4246.mp4,82
4247.mp4,82
4248.mp4,84
4249.mp4,82
4250.mp4,10
4251.mp4,86
4252.mp4,37
4253.mp4,82
4254.mp4,82
4255.mp4,82
4256.mp4,10
4257.mp4,7
4258.mp4,10
4259.mp4,86
4260.mp4,85
4261.mp4,58
4262.mp4,21
4263.mp4,87
4264.mp4,10
4265.mp4,7
4266.mp4,10
4267.mp4,7
4268.mp4,10
4269.mp4,82
4270.mp4,7
4271.mp4,82
4272.mp4,10
4273.mp4,75
4274.mp4,7
4275.mp4,10
4276.mp4,75
4277.mp4,7
4278.mp4,86
4279.mp4,16
4280.mp4,75
4281.mp4,10
4282.mp4,7
4283.mp4,16
4284.mp4,82
4285.mp4,84
4286.mp4,85
4287.mp4,10
4288.mp4,82
4289.mp4,75
4290.mp4,7
4291.mp4,82
4292.mp4,21
4293.mp4,10
4294.mp4,84
4295.mp4,4
4296.mp4,37
4297.mp4,84
4298.mp4,58
4299.mp4,25
4300.mp4,86
4301.mp4,85
4302.mp4,86
4303.mp4,75
4304.mp4,84
4305.mp4,85
4306.mp4,75
4307.mp4,82
4308.mp4,84
4309.mp4,7
4310.mp4,28
4311.mp4,82
4312.mp4,86
4313.mp4,10
4314.mp4,85
4315.mp4,21
4316.mp4,7
4317.mp4,86
4318.mp4,7
4319.mp4,84
4320.mp4,84
4321.mp4,7
4322.mp4,86
4323.mp4,7
4324.mp4,37
4325.mp4,86
4326.mp4,85
4327.mp4,82
4328.mp4,85
4329.mp4,25
4330.mp4,75
4331.mp4,84
4332.mp4,16
4333.mp4,40
4334.mp4,84
4335.mp4,21
4336.mp4,83
4337.mp4,84
4338.mp4,7
4339.mp4,7
4340.mp4,84
4341.mp4,82
4342.mp4,56
4343.mp4,85
4344.mp4,83
4345.mp4,75
4346.mp4,84
4347.mp4,21
4348.mp4,86
4349.mp4,7
4350.mp4,7
4351.mp4,10
4352.mp4,10
4353.mp4,84
4354.mp4,84
4355.mp4,10
4356.mp4,40
4357.mp4,7
4358.mp4,75
4359.mp4,58
4360.mp4,85
4361.mp4,75
4362.mp4,7
4363.mp4,10
4364.mp4,83
4365.mp4,28
4366.mp4,28
4367.mp4,75
4368.mp4,16
4369.mp4,82
4370.mp4,75
4371.mp4,4
4372.mp4,82
4373.mp4,75
4374.mp4,40
4375.mp4,75
4376.mp4,85
4377.mp4,85
4378.mp4,40
4379.mp4,7
4380.mp4,82
4381.mp4,7
4382.mp4,82
4383.mp4,85
4384.mp4,86
4385.mp4,16
4386.mp4,82
4387.mp4,7
4388.mp4,82
4389.mp4,82
4390.mp4,7
4391.mp4,86
4392.mp4,82
4393.mp4,82
4394.mp4,82
4395.mp4,25
4396.mp4,82
4397.mp4,86
4398.mp4,10
4399.mp4,21
4400.mp4,75
4401.mp4,10
4402.mp4,40
4403.mp4,82
4404.mp4,82
4405.mp4,86
4406.mp4,56
4407.mp4,28
4408.mp4,40
4409.mp4,82
4410.mp4,82
4411.mp4,82
4412.mp4,82
4413.mp4,86
4414.mp4,84
4415.mp4,7
4416.mp4,83
4417.mp4,56
4418.mp4,85
4419.mp4,86
4420.mp4,37
4421.mp4,85
4422.mp4,10
4423.mp4,13
4424.mp4,85
4425.mp4,7
4426.mp4,86
4427.mp4,86
4428.mp4,28
4429.mp4,10
4430.mp4,58
4431.mp4,10
4432.mp4,10
4433.mp4,86
4434.mp4,82
4435.mp4,82
4436.mp4,82
4437.mp4,86
4438.mp4,82
4439.mp4,10
4440.mp4,82
4441.mp4,37
4442.mp4,82
4443.mp4,82
4444.mp4,16
4445.mp4,85
4446.mp4,82
4447.mp4,10
4448.mp4,56
4449.mp4,82
4450.mp4,37
4451.mp4,84
4452.mp4,16
4453.mp4,82
4454.mp4,82
4455.mp4,10
4456.mp4,25
4457.mp4,84
4458.mp4,7
4459.mp4,86
4460.mp4,56
4461.mp4,84
4462.mp4,21
4463.mp4,40
4464.mp4,86
4465.mp4,82
4466.mp4,58
4467.mp4,16
4468.mp4,82
4469.mp4,10
4470.mp4,10
4471.mp4,16
4472.mp4,82
4473.mp4,37
4474.mp4,82
4475.mp4,82
4476.mp4,4
4477.mp4,10
4478.mp4,56
4479.mp4,83
4480.mp4,82
4481.mp4,16
4482.mp4,56
4483.mp4,58
4484.mp4,37
4485.mp4,40
4486.mp4,7
4487.mp4,7
4488.mp4,85
4489.mp4,82
4490.mp4,86
4491.mp4,82
4492.mp4,40
4493.mp4,16
4494.mp4,85
4495.mp4,21
4496.mp4,82
4497.mp4,7
4498.mp4,82
4499.mp4,82
4500.mp4,82
4501.mp4,16
4502.mp4,40
4503.mp4,21
4504.mp4,7
4505.mp4,82
4506.mp4,4
4507.mp4,82
4508.mp4,82
4509.mp4,25
4510.mp4,16
4511.mp4,37
4512.mp4,82
4513.mp4,82
4514.mp4,82
4515.mp4,16
4516.mp4,40
4517.mp4,7
4518.mp4,87
4519.mp4,86
4520.mp4,87
4521.mp4,82
4522.mp4,82
4523.mp4,82
4524.mp4,85
4525.mp4,37
4526.mp4,82
4527.mp4,84
4528.mp4,84
4529.mp4,25
4530.mp4,58
4531.mp4,86
4532.mp4,82
4533.mp4,56
4534.mp4,82
4535.mp4,82
4536.mp4,10
4537.mp4,37
4538.mp4,7
4539.mp4,82
4540.mp4,86
4541.mp4,82
4542.mp4,82
4543.mp4,25
4544.mp4,84
4545.mp4,86
4546.mp4,86
4547.mp4,82
4548.mp4,82
4549.mp4,4
4550.mp4,58
4551.mp4,16
4552.mp4,25
4553.mp4,82
4554.mp4,84
4555.mp4,56
4556.mp4,4
4557.mp4,10
4558.mp4,82
4559.mp4,86
4560.mp4,7
4561.mp4,13
4562.mp4,10
4563.mp4,82
4564.mp4,40
4565.mp4,84
4566.mp4,7
4567.mp4,7
4568.mp4,25
4569.mp4,82
4570.mp4,86
4571.mp4,82
4572.mp4,82
4573.mp4,58
4574.mp4,58
4575.mp4,85
4576.mp4,85
4577.mp4,37
4578.mp4,56
4579.mp4,16
4580.mp4,37
4581.mp4,21
4582.mp4,7
4583.mp4,16
4584.mp4,40
4585.mp4,16
4586.mp4,21
4587.mp4,86
4588.mp4,10
4589.mp4,58
4590.mp4,7
4591.mp4,10
4592.mp4,82
4593.mp4,85
4594.mp4,87
4595.mp4,82
4596.mp4,86
4597.mp4,58
4598.mp4,25
4599.mp4,7
4600.mp4,86
4601.mp4,82
4602.mp4,84
4603.mp4,85
4604.mp4,56
4605.mp4,85
4606.mp4,16
4607.mp4,40
4608.mp4,82
4609.mp4,40
4610.mp4,4
4611.mp4,85
4612.mp4,16
4613.mp4,85
4614.mp4,25
4615.mp4,56
4616.mp4,21
4617.mp4,21
4618.mp4,25
4619.mp4,21
4620.mp4,86
4621.mp4,82
4622.mp4,82
4623.mp4,87
4624.mp4,82
4625.mp4,16
4626.mp4,87
4627.mp4,86
4628.mp4,82
4629.mp4,86
4630.mp4,86
4631.mp4,85
4632.mp4,25
4633.mp4,10
4634.mp4,7
4635.mp4,82
4636.mp4,82
4637.mp4,87
4638.mp4,87
4639.mp4,16
4640.mp4,86
4641.mp4,40
4642.mp4,82
4643.mp4,82
4644.mp4,85
4645.mp4,41
4646.mp4,62
4647.mp4,88
4648.mp4,89
4649.mp4,90
4650.mp4,90
4651.mp4,88
4652.mp4,91
4653.mp4,92
4654.mp4,92
4655.mp4,93
4656.mp4,94
4657.mp4,93
4658.mp4,88
4659.mp4,94
4660.mp4,92
4661.mp4,95
4662.mp4,88
4663.mp4,89
4664.mp4,92
4665.mp4,96
4666.mp4,92
4667.mp4,97
4668.mp4,94
4669.mp4,89
4670.mp4,89
4671.mp4,89
4672.mp4,90
4673.mp4,92
4674.mp4,90
4675.mp4,97
4676.mp4,90
4677.mp4,92
4678.mp4,88
4679.mp4,98
4680.mp4,91
4681.mp4,93
4682.mp4,98
4683.mp4,92
4684.mp4,92
4685.mp4,92
4686.mp4,91
4687.mp4,96
4688.mp4,98
4689.mp4,94
4690.mp4,97
4691.mp4,92
4692.mp4,89
4693.mp4,91
4694.mp4,92
4695.mp4,96
4696.mp4,94
4697.mp4,96
4698.mp4,93
4699.mp4,92
4700.mp4,93
4701.mp4,95
4702.mp4,97
4703.mp4,88
4704.mp4,91
4705.mp4,89
4706.mp4,97
4707.mp4,96
4708.mp4,88
4709.mp4,89
4710.mp4,89
4711.mp4,92
4712.mp4,96
4713.mp4,98
4714.mp4,92
4715.mp4,90
4716.mp4,94
4717.mp4,97
4718.mp4,88
4719.mp4,96
4720.mp4,92
4721.mp4,96
4722.mp4,88
4723.mp4,92
4724.mp4,98
4725.mp4,93
4726.mp4,97
4727.mp4,96
4728.mp4,97
4729.mp4,88
4730.mp4,90
4731.mp4,93
4732.mp4,94
4733.mp4,95
4734.mp4,88
4735.mp4,94
4736.mp4,89
4737.mp4,97
4738.mp4,92
4739.mp4,96
4740.mp4,91
4741.mp4,92
4742.mp4,92
4743.mp4,98
4744.mp4,89
4745.mp4,88
4746.mp4,89
4747.mp4,91
4748.mp4,92
4749.mp4,88
4750.mp4,96
4751.mp4,90
4752.mp4,92
4753.mp4,96
4754.mp4,88
4755.mp4,88
4756.mp4,91
4757.mp4,96
4758.mp4,94
4759.mp4,90
4760.mp4,99
4761.mp4,97
4762.mp4,97
4763.mp4,93
4764.mp4,89
4765.mp4,98
4766.mp4,90
4767.mp4,88
4768.mp4,97
4769.mp4,92
4770.mp4,88
4771.mp4,90
4772.mp4,91
4773.mp4,89
4774.mp4,89
4775.mp4,94
4776.mp4,89
4777.mp4,88
4778.mp4,93
4779.mp4,89
4780.mp4,97
4781.mp4,95
4782.mp4,97
4783.mp4,97
4784.mp4,92
4785.mp4,92
4786.mp4,96
4787.mp4,95
4788.mp4,97
4789.mp4,92
4790.mp4,90
4791.mp4,91
4792.mp4,89
4793.mp4,92
4794.mp4,88
4795.mp4,90
4796.mp4,90
4797.mp4,93
4798.mp4,92
4799.mp4,93
4800.mp4,89
4801.mp4,89
4802.mp4,97
4803.mp4,93
4804.mp4,90
4805.mp4,96
4806.mp4,90
4807.mp4,96
4808.mp4,88
4809.mp4,96
4810.mp4,98
4811.mp4,95
4812.mp4,96
4813.mp4,90
4814.mp4,89
4815.mp4,88
4816.mp4,90
4817.mp4,97
4818.mp4,96
4819.mp4,90
4820.mp4,95
4821.mp4,93
4822.mp4,89
4823.mp4,96
4824.mp4,96
4825.mp4,96
4826.mp4,94
4827.mp4,90
4828.mp4,89
4829.mp4,89
4830.mp4,91
4831.mp4,94
4832.mp4,89
4833.mp4,88
4834.mp4,93
4835.mp4,93
4836.mp4,90
4837.mp4,93
4838.mp4,94
4839.mp4,98
4840.mp4,96
4841.mp4,95
4842.mp4,94
4843.mp4,88
4844.mp4,88
4845.mp4,93
4846.mp4,97
4847.mp4,89
4848.mp4,95
4849.mp4,95
4850.mp4,95
4851.mp4,89
4852.mp4,98
4853.mp4,94
4854.mp4,96
4855.mp4,93
4856.mp4,93
4857.mp4,93
4858.mp4,95
4859.mp4,97
4860.mp4,88
4861.mp4,91
4862.mp4,95
4863.mp4,91
4864.mp4,93
4865.mp4,97
4866.mp4,90
4867.mp4,90
4868.mp4,88
4869.mp4,92
4870.mp4,90
4871.mp4,97
4872.mp4,97
4873.mp4,93
4874.mp4,96
4875.mp4,96
4876.mp4,88
4877.mp4,89
4878.mp4,97
4879.mp4,97
4880.mp4,90
4881.mp4,94
4882.mp4,93
4883.mp4,94
4884.mp4,96
4885.mp4,96
4886.mp4,98
4887.mp4,94
4888.mp4,93
4889.mp4,96
4890.mp4,97
4891.mp4,90
4892.mp4,93
4893.mp4,96
4894.mp4,97
4895.mp4,98
4896.mp4,89
4897.mp4,93
4898.mp4,91
4899.mp4,93
4900.mp4,89
4901.mp4,96
4902.mp4,94
4903.mp4,93
4904.mp4,88
4905.mp4,89
4906.mp4,92
4907.mp4,89
4908.mp4,98
4909.mp4,97
4910.mp4,89
4911.mp4,96
4912.mp4,90
4913.mp4,94
4914.mp4,90
4915.mp4,91
4916.mp4,94
4917.mp4,94
4918.mp4,96
4919.mp4,89
4920.mp4,90
4921.mp4,96
4922.mp4,96
4923.mp4,94
4924.mp4,93
4925.mp4,89
4926.mp4,90
4927.mp4,94
4928.mp4,95
4929.mp4,88
4930.mp4,95
4931.mp4,93
4932.mp4,93
4933.mp4,93
4934.mp4,89
4935.mp4,95
4936.mp4,97
4937.mp4,98
4938.mp4,96
4939.mp4,96
4940.mp4,89
4941.mp4,93
4942.mp4,89
4943.mp4,93
4944.mp4,93
4945.mp4,88
4946.mp4,93
4947.mp4,90
4948.mp4,97
4949.mp4,93
4950.mp4,89
4951.mp4,91
4952.mp4,99
4953.mp4,93
4954.mp4,91
4955.mp4,89
4956.mp4,98
4957.mp4,89
4958.mp4,97
4959.mp4,89
4960.mp4,89
4961.mp4,91
4962.mp4,95
4963.mp4,94
4964.mp4,89
4965.mp4,88
4966.mp4,95
4967.mp4,93
4968.mp4,96
4969.mp4,88
4970.mp4,92
4971.mp4,95
4972.mp4,89
4973.mp4,97
4974.mp4,94
4975.mp4,90
4976.mp4,97
4977.mp4,94
4978.mp4,96
4979.mp4,91
4980.mp4,93
4981.mp4,92
4982.mp4,96
4983.mp4,94
4984.mp4,91
4985.mp4,97
4986.mp4,89
4987.mp4,96
4988.mp4,95
4989.mp4,95
4990.mp4,89
4991.mp4,97
4992.mp4,94
4993.mp4,98
4994.mp4,89
4995.mp4,94
4996.mp4,93
4997.mp4,90
4998.mp4,96
4999.mp4,90
5000.mp4,94
5001.mp4,94
5002.mp4,96
5003.mp4,89
5004.mp4,94
5005.mp4,90
5006.mp4,93
5007.mp4,96
5008.mp4,98
5009.mp4,92
5010.mp4,97
5011.mp4,93
5012.mp4,96
5013.mp4,91
5014.mp4,92
5015.mp4,93
5016.mp4,98
5017.mp4,89
5018.mp4,90
5019.mp4,98
5020.mp4,89
5021.mp4,96
5022.mp4,89
5023.mp4,93
5024.mp4,90
5025.mp4,89
5026.mp4,98
5027.mp4,88
5028.mp4,97
5029.mp4,89
5030.mp4,93
5031.mp4,98
5032.mp4,97
5033.mp4,92
5034.mp4,90
5035.mp4,90
5036.mp4,88
5037.mp4,93
5038.mp4,93
5039.mp4,90
5040.mp4,94
5041.mp4,97
5042.mp4,92
5043.mp4,91
5044.mp4,89
5045.mp4,88
5046.mp4,89
5047.mp4,88
5048.mp4,95
5049.mp4,97
5050.mp4,88
5051.mp4,89
5052.mp4,88
5053.mp4,97
5054.mp4,89
5055.mp4,90
5056.mp4,96
5057.mp4,93
5058.mp4,90
5059.mp4,89
5060.mp4,98
5061.mp4,93
5062.mp4,89
5063.mp4,90
5064.mp4,94
5065.mp4,94
5066.mp4,90
5067.mp4,100
5068.mp4,101
5069.mp4,102
5070.mp4,49
5071.mp4,101
5072.mp4,102
5073.mp4,103
5074.mp4,104
5075.mp4,103
5076.mp4,102
5077.mp4,104
5078.mp4,105
5079.mp4,106
5080.mp4,100
5081.mp4,42
5082.mp4,102
5083.mp4,104
5084.mp4,49
5085.mp4,107
5086.mp4,104
5087.mp4,102
5088.mp4,106
5089.mp4,104
5090.mp4,104
5091.mp4,101
5092.mp4,104
5093.mp4,49
5094.mp4,100
5095.mp4,108
5096.mp4,105
5097.mp4,104
5098.mp4,42
5099.mp4,49
5100.mp4,66
5101.mp4,108
5102.mp4,102
5103.mp4,66
5104.mp4,104
5105.mp4,105
5106.mp4,42
5107.mp4,102
5108.mp4,102
5109.mp4,49
5110.mp4,103
5111.mp4,104
5112.mp4,102
5113.mp4,102
5114.mp4,101
5115.mp4,104
5116.mp4,105
5117.mp4,104
5118.mp4,107
5119.mp4,42
5120.mp4,102
5121.mp4,42
5122.mp4,104
5123.mp4,107
5124.mp4,104
5125.mp4,103
5126.mp4,107
5127.mp4,105
5128.mp4,100
5129.mp4,100
5130.mp4,106
5131.mp4,49
5132.mp4,102
5133.mp4,49
5134.mp4,105
5135.mp4,104
5136.mp4,103
5137.mp4,108
5138.mp4,103
5139.mp4,105
5140.mp4,100
5141.mp4,107
5142.mp4,108
5143.mp4,108
5144.mp4,103
5145.mp4,105
5146.mp4,104
5147.mp4,49
5148.mp4,107
5149.mp4,49
5150.mp4,42
5151.mp4,104
5152.mp4,66
5153.mp4,49
5154.mp4,102
5155.mp4,17
5156.mp4,105
5157.mp4,105
5158.mp4,107
5159.mp4,102
5160.mp4,103
5161.mp4,108
5162.mp4,101
5163.mp4,104
5164.mp4,102
5165.mp4,104
5166.mp4,42
5167.mp4,66
5168.mp4,49
5169.mp4,103
5170.mp4,42
5171.mp4,42
5172.mp4,102
5173.mp4,49
5174.mp4,42
5175.mp4,104
5176.mp4,102
5177.mp4,100
5178.mp4,102
5179.mp4,107
5180.mp4,42
5181.mp4,102
5182.mp4,108
5183.mp4,104
5184.mp4,107
5185.mp4,49
5186.mp4,102
5187.mp4,107
5188.mp4,104
5189.mp4,66
5190.mp4,49
5191.mp4,101
5192.mp4,101
5193.mp4,104
5194.mp4,17
5195.mp4,104
5196.mp4,108
5197.mp4,100
5198.mp4,66
5199.mp4,105
5200.mp4,107
5201.mp4,101
5202.mp4,102
5203.mp4,104
5204.mp4,100
5205.mp4,49
5206.mp4,104
5207.mp4,104
5208.mp4,104
5209.mp4,66
5210.mp4,106
5211.mp4,101
5212.mp4,49
5213.mp4,108
5214.mp4,104
5215.mp4,100
5216.mp4,42
5217.mp4,104
5218.mp4,109
5219.mp4,108
5220.mp4,49
5221.mp4,102
5222.mp4,105
5223.mp4,102
5224.mp4,102
5225.mp4,42
5226.mp4,101
5227.mp4,100
5228.mp4,104
5229.mp4,104
5230.mp4,42
5231.mp4,107
5232.mp4,104
5233.mp4,106
5234.mp4,105
5235.mp4,17
5236.mp4,42
5237.mp4,66
5238.mp4,108
5239.mp4,102
5240.mp4,108
5241.mp4,17
5242.mp4,107
5243.mp4,102
5244.mp4,49
5245.mp4,107
5246.mp4,102
5247.mp4,42
5248.mp4,104
5249.mp4,108
5250.mp4,49
5251.mp4,103
5252.mp4,42
5253.mp4,102
5254.mp4,104
5255.mp4,108
5256.mp4,105
5257.mp4,66
5258.mp4,102
5259.mp4,100
5260.mp4,49
5261.mp4,105
5262.mp4,107
5263.mp4,42
5264.mp4,105
5265.mp4,108
5266.mp4,102
5267.mp4,101
5268.mp4,17
5269.mp4,49
5270.mp4,104
5271.mp4,108
5272.mp4,105
5273.mp4,104
5274.mp4,49
5275.mp4,108
5276.mp4,106
5277.mp4,105
5278.mp4,49
5279.mp4,105
5280.mp4,102
5281.mp4,49
5282.mp4,102
5283.mp4,101
5284.mp4,104
5285.mp4,102
5286.mp4,102
5287.mp4,105
5288.mp4,104
5289.mp4,105
5290.mp4,106
5291.mp4,49
5292.mp4,108
5293.mp4,104
5294.mp4,102
5295.mp4,42
5296.mp4,49
5297.mp4,66
5298.mp4,103
5299.mp4,105
5300.mp4,105
5301.mp4,105
5302.mp4,66
5303.mp4,102
5304.mp4,105
5305.mp4,49
5306.mp4,17
5307.mp4,109
5308.mp4,105
5309.mp4,108
5310.mp4,100
5311.mp4,102
5312.mp4,105
5313.mp4,105
5314.mp4,106
5315.mp4,107
5316.mp4,108
5317.mp4,17
5318.mp4,104
5319.mp4,104
5320.mp4,101
5321.mp4,104
5322.mp4,104
5323.mp4,102
5324.mp4,104
5325.mp4,101
5326.mp4,102
5327.mp4,108
5328.mp4,109
5329.mp4,101
5330.mp4,103
5331.mp4,108
5332.mp4,100
5333.mp4,102
5334.mp4,101
5335.mp4,104
5336.mp4,103
5337.mp4,102
5338.mp4,66
5339.mp4,105
5340.mp4,102
5341.mp4,108
5342.mp4,104
5343.mp4,100
5344.mp4,102
5345.mp4,107
5346.mp4,49
5347.mp4,107
5348.mp4,42
5349.mp4,103
5350.mp4,107
5351.mp4,105
5352.mp4,108
5353.mp4,108
5354.mp4,49
5355.mp4,102
5356.mp4,101
5357.mp4,49
5358.mp4,104
5359.mp4,101
5360.mp4,105
5361.mp4,66
5362.mp4,108
5363.mp4,103
5364.mp4,102
5365.mp4,105
5366.mp4,108
5367.mp4,105
5368.mp4,49
5369.mp4,102
5370.mp4,42
5371.mp4,49
5372.mp4,66
5373.mp4,108
5374.mp4,106
5375.mp4,102
5376.mp4,101
5377.mp4,101
5378.mp4,102
5379.mp4,102
5380.mp4,105
5381.mp4,102
5382.mp4,108
5383.mp4,105
5384.mp4,42
5385.mp4,101
5386.mp4,17
5387.mp4,104
5388.mp4,107
5389.mp4,102
5390.mp4,66
5391.mp4,106
5392.mp4,108
5393.mp4,108
5394.mp4,42
5395.mp4,104
5396.mp4,49
5397.mp4,105
5398.mp4,107
5399.mp4,104
5400.mp4,108
5401.mp4,42
5402.mp4,107
5403.mp4,42
5404.mp4,42
5405.mp4,101
5406.mp4,104
5407.mp4,49
5408.mp4,66
5409.mp4,102
5410.mp4,108
5411.mp4,17
5412.mp4,103
5413.mp4,107
5414.mp4,108
5415.mp4,102
5416.mp4,100
5417.mp4,102
5418.mp4,42
5419.mp4,66
5420.mp4,108
5421.mp4,101
5422.mp4,42
5423.mp4,103
5424.mp4,17
5425.mp4,101
5426.mp4,102
5427.mp4,107
5428.mp4,102
5429.mp4,102
5430.mp4,104
5431.mp4,66
5432.mp4,104
5433.mp4,66
5434.mp4,107
5435.mp4,108
5436.mp4,102
5437.mp4,105
5438.mp4,108
5439.mp4,105
5440.mp4,101
5441.mp4,104
5442.mp4,49
5443.mp4,105
5444.mp4,102
5445.mp4,107
5446.mp4,105
5447.mp4,106
5448.mp4,42
5449.mp4,101
5450.mp4,101
5451.mp4,105
5452.mp4,107
5453.mp4,42
5454.mp4,42
5455.mp4,17
5456.mp4,17
5457.mp4,102
5458.mp4,66
5459.mp4,102
5460.mp4,108
5461.mp4,107
5462.mp4,107
5463.mp4,42
5464.mp4,108
5465.mp4,105
5466.mp4,102
5467.mp4,42
5468.mp4,105
5469.mp4,105
5470.mp4,108
5471.mp4,102
5472.mp4,102
5473.mp4,107
5474.mp4,107
5475.mp4,105
5476.mp4,100
5477.mp4,49
5478.mp4,105
5479.mp4,108
5480.mp4,49
5481.mp4,102
5482.mp4,100
5483.mp4,42
5484.mp4,49
5485.mp4,104
5486.mp4,103
5487.mp4,102
5488.mp4,102
5489.mp4,100
5490.mp4,105
5491.mp4,101
5492.mp4,105
5493.mp4,106
5494.mp4,108
5495.mp4,42
5496.mp4,105
5497.mp4,103
5498.mp4,103
5499.mp4,108
5500.mp4,101
5501.mp4,66
5502.mp4,105
5503.mp4,107
5504.mp4,17
5505.mp4,105
5506.mp4,103
5507.mp4,108
5508.mp4,100
5509.mp4,49
5510.mp4,49
5511.mp4,104
5512.mp4,17
5513.mp4,107
5514.mp4,106
5515.mp4,101
5516.mp4,108
5517.mp4,101
5518.mp4,107
5519.mp4,106
5520.mp4,42
5521.mp4,49
5522.mp4,66
5523.mp4,105
5524.mp4,105
5525.mp4,101
5526.mp4,66
5527.mp4,17
5528.mp4,102
5529.mp4,107
5530.mp4,100
5531.mp4,42
5532.mp4,106
5533.mp4,105
5534.mp4,107
5535.mp4,104
5536.mp4,100
5537.mp4,101
5538.mp4,66
5539.mp4,104
5540.mp4,103
5541.mp4,101
5542.mp4,108
5543.mp4,104
5544.mp4,49
5545.mp4,100
5546.mp4,42
5547.mp4,105
5548.mp4,104
5549.mp4,100
5550.mp4,105
5551.mp4,42
5552.mp4,108
5553.mp4,49
5554.mp4,107
5555.mp4,42
5556.mp4,102
5557.mp4,108
5558.mp4,66
5559.mp4,108
5560.mp4,49
5561.mp4,102
5562.mp4,66
5563.mp4,49
5564.mp4,102
5565.mp4,42
5566.mp4,108
5567.mp4,101
5568.mp4,49
5569.mp4,101
5570.mp4,103
5571.mp4,105
5572.mp4,106
5573.mp4,105
5574.mp4,100
5575.mp4,49
5576.mp4,49
5577.mp4,105
5578.mp4,49
5579.mp4,107
5580.mp4,49
5581.mp4,105
5582.mp4,42
5583.mp4,102
5584.mp4,104
5585.mp4,105
5586.mp4,42
5587.mp4,102
5588.mp4,100
5589.mp4,100
5590.mp4,102
5591.mp4,101
5592.mp4,42
5593.mp4,107
5594.mp4,105
5595.mp4,105
5596.mp4,105
5597.mp4,107
5598.mp4,109
5599.mp4,17
5600.mp4,105
5601.mp4,104
5602.mp4,42
5603.mp4,49
5604.mp4,49
5605.mp4,42
5606.mp4,66
5607.mp4,101
5608.mp4,66
5609.mp4,101
5610.mp4,103
5611.mp4,104
5612.mp4,101
5613.mp4,105
5614.mp4,100
5615.mp4,100
5616.mp4,102
5617.mp4,49
5618.mp4,107
5619.mp4,104
5620.mp4,107
5621.mp4,107
5622.mp4,104
5623.mp4,108
5624.mp4,102
5625.mp4,104
5626.mp4,107
5627.mp4,42
5628.mp4,102
5629.mp4,17
5630.mp4,42
5631.mp4,100
5632.mp4,100
5633.mp4,100
5634.mp4,66
5635.mp4,105
5636.mp4,104
5637.mp4,105
5638.mp4,101
5639.mp4,108
5640.mp4,66
5641.mp4,42
5642.mp4,105
5643.mp4,49
5644.mp4,104
5645.mp4,105
5646.mp4,105
5647.mp4,66
5648.mp4,103
5649.mp4,107
5650.mp4,102
5651.mp4,105
5652.mp4,102
5653.mp4,109
5654.mp4,42
5655.mp4,101
5656.mp4,49
5657.mp4,108
5658.mp4,107
5659.mp4,66
5660.mp4,104
5661.mp4,105
5662.mp4,102
5663.mp4,101
5664.mp4,105
5665.mp4,42
5666.mp4,103
5667.mp4,101
5668.mp4,105
5669.mp4,100
5670.mp4,104
5671.mp4,101
5672.mp4,100
5673.mp4,102
5674.mp4,100
5675.mp4,107
5676.mp4,66
5677.mp4,42
5678.mp4,49
5679.mp4,105
5680.mp4,42
5681.mp4,102
5682.mp4,102
5683.mp4,107
5684.mp4,101
5685.mp4,102
5686.mp4,100
5687.mp4,104
5688.mp4,49
5689.mp4,17
5690.mp4,102
5691.mp4,100
5692.mp4,109
5693.mp4,101
5694.mp4,49
5695.mp4,100
5696.mp4,104
5697.mp4,42
5698.mp4,49
5699.mp4,108
5700.mp4,105
5701.mp4,104
5702.mp4,101
5703.mp4,102
5704.mp4,107
5705.mp4,105
5706.mp4,107
5707.mp4,104
5708.mp4,105
5709.mp4,100
5710.mp4,107
5711.mp4,102
5712.mp4,102
5713.mp4,105
5714.mp4,42
5715.mp4,103
5716.mp4,42
5717.mp4,108
5718.mp4,104
5719.mp4,102
5720.mp4,104
5721.mp4,104
5722.mp4,102
5723.mp4,102
5724.mp4,104
5725.mp4,66
5726.mp4,66
5727.mp4,104
5728.mp4,107
5729.mp4,102
5730.mp4,42
5731.mp4,42
5732.mp4,102
5733.mp4,107
5734.mp4,17
5735.mp4,104
5736.mp4,105
5737.mp4,102
5738.mp4,49
5739.mp4,42
5740.mp4,103
5741.mp4,49
5742.mp4,49
5743.mp4,66
5744.mp4,102
5745.mp4,101
5746.mp4,104
5747.mp4,107
5748.mp4,49
5749.mp4,49
5750.mp4,107
5751.mp4,103
5752.mp4,104
5753.mp4,108
5754.mp4,100
5755.mp4,102
5756.mp4,102
5757.mp4,105
5758.mp4,49
5759.mp4,49
5760.mp4,107
5761.mp4,105
5762.mp4,105
5763.mp4,104
5764.mp4,49
5765.mp4,101
5766.mp4,104
5767.mp4,101
5768.mp4,100
5769.mp4,105
5770.mp4,102
5771.mp4,66
5772.mp4,109
5773.mp4,42
5774.mp4,103
5775.mp4,104
5776.mp4,49
5777.mp4,108
5778.mp4,49
5779.mp4,103
5780.mp4,107
5781.mp4,102
5782.mp4,104
5783.mp4,107
5784.mp4,101
5785.mp4,108
5786.mp4,105
5787.mp4,104
5788.mp4,108
5789.mp4,42
5790.mp4,49
5791.mp4,66
5792.mp4,104
5793.mp4,66
5794.mp4,103
5795.mp4,100
5796.mp4,103
5797.mp4,101
5798.mp4,100
5799.mp4,107
5800.mp4,104
5801.mp4,42
5802.mp4,66
5803.mp4,108
5804.mp4,100
5805.mp4,17
5806.mp4,102
5807.mp4,100
5808.mp4,107
5809.mp4,104
5810.mp4,42
5811.mp4,106
5812.mp4,103
5813.mp4,104
5814.mp4,104
5815.mp4,42
5816.mp4,103
5817.mp4,102
5818.mp4,49
5819.mp4,104
5820.mp4,107
5821.mp4,104
5822.mp4,42
5823.mp4,103
5824.mp4,66
5825.mp4,42
5826.mp4,17
5827.mp4,107
5828.mp4,103
5829.mp4,102
5830.mp4,101
5831.mp4,101
5832.mp4,100
5833.mp4,42
5834.mp4,105
5835.mp4,42
5836.mp4,49
5837.mp4,100
5838.mp4,107
5839.mp4,104
5840.mp4,108
5841.mp4,107
5842.mp4,108
5843.mp4,105
5844.mp4,66
5845.mp4,42
5846.mp4,102
5847.mp4,103
5848.mp4,101
5849.mp4,104
5850.mp4,102
5851.mp4,105
5852.mp4,17
5853.mp4,108
5854.mp4,108
5855.mp4,108
5856.mp4,104
5857.mp4,108
5858.mp4,108
5859.mp4,107
5860.mp4,104
5861.mp4,104
5862.mp4,102
5863.mp4,49
5864.mp4,108
5865.mp4,104
5866.mp4,17
5867.mp4,107
5868.mp4,49
5869.mp4,104
5870.mp4,104
5871.mp4,107
5872.mp4,42
5873.mp4,66
5874.mp4,109
5875.mp4,101
5876.mp4,42
5877.mp4,104
5878.mp4,107
5879.mp4,105
5880.mp4,42
5881.mp4,104
5882.mp4,102
5883.mp4,66
5884.mp4,101
5885.mp4,101
5886.mp4,101
5887.mp4,104
5888.mp4,109
5889.mp4,102
5890.mp4,105
5891.mp4,105
5892.mp4,94
5893.mp4,94
5894.mp4,110
5895.mp4,111
5896.mp4,112
5897.mp4,111
5898.mp4,111
5899.mp4,113
5900.mp4,114
5901.mp4,114
5902.mp4,114
5903.mp4,115
5904.mp4,113
5905.mp4,113
5906.mp4,116
5907.mp4,117
5908.mp4,118
5909.mp4,116
5910.mp4,117
5911.mp4,110
5912.mp4,119
5913.mp4,112
5914.mp4,116
5915.mp4,114
5916.mp4,115
5917.mp4,116
5918.mp4,116
5919.mp4,110
5920.mp4,113
5921.mp4,110
5922.mp4,116
5923.mp4,111
5924.mp4,111
5925.mp4,118
5926.mp4,112
5927.mp4,116
5928.mp4,117
5929.mp4,115
5930.mp4,113
5931.mp4,116
5932.mp4,115
5933.mp4,114
5934.mp4,120
5935.mp4,110
5936.mp4,121
5937.mp4,116
5938.mp4,116
5939.mp4,114
5940.mp4,122
5941.mp4,112
5942.mp4,121
5943.mp4,120
5944.mp4,110
5945.mp4,112
5946.mp4,113
5947.mp4,123
5948.mp4,114
5949.mp4,111
5950.mp4,112
5951.mp4,121
5952.mp4,113
5953.mp4,114
5954.mp4,123
5955.mp4,119
5956.mp4,115
5957.mp4,111
5958.mp4,123
5959.mp4,111
5960.mp4,116
5961.mp4,116
5962.mp4,121
5963.mp4,113
5964.mp4,114
5965.mp4,115
5966.mp4,121
5967.mp4,123
5968.mp4,120
5969.mp4,113
5970.mp4,118
5971.mp4,124
5972.mp4,114
5973.mp4,112
5974.mp4,117
5975.mp4,117
5976.mp4,124
5977.mp4,116
5978.mp4,122
5979.mp4,110
5980.mp4,116
5981.mp4,118
5982.mp4,123
5983.mp4,115
5984.mp4,120
5985.mp4,115
5986.mp4,120
5987.mp4,117
5988.mp4,113
5989.mp4,120
5990.mp4,117
5991.mp4,117
5992.mp4,113
5993.mp4,118
5994.mp4,116
5995.mp4,117
5996.mp4,115
5997.mp4,123
5998.mp4,112
5999.mp4,110
6000.mp4,111
6001.mp4,112
6002.mp4,114
6003.mp4,115
6004.mp4,117
6005.mp4,119
6006.mp4,116
6007.mp4,121
6008.mp4,110
6009.mp4,119
6010.mp4,114
6011.mp4,121
6012.mp4,124
6013.mp4,114
6014.mp4,116
6015.mp4,119
6016.mp4,121
6017.mp4,117
6018.mp4,125
6019.mp4,122
6020.mp4,122
6021.mp4,123
6022.mp4,117
6023.mp4,122
6024.mp4,121
6025.mp4,120
6026.mp4,117
6027.mp4,123
6028.mp4,116
6029.mp4,112
6030.mp4,114
6031.mp4,114
6032.mp4,123
6033.mp4,114
6034.mp4,112
6035.mp4,118
6036.mp4,116
6037.mp4,113
6038.mp4,114
6039.mp4,121
6040.mp4,121
6041.mp4,123
6042.mp4,113
6043.mp4,116
6044.mp4,123
6045.mp4,113
6046.mp4,110
6047.mp4,116
6048.mp4,112
6049.mp4,121
6050.mp4,119
6051.mp4,119
6052.mp4,112
6053.mp4,116
6054.mp4,120
6055.mp4,112
6056.mp4,119
6057.mp4,112
6058.mp4,117
6059.mp4,119
6060.mp4,110
6061.mp4,114
6062.mp4,118
6063.mp4,116
6064.mp4,115
6065.mp4,114
6066.mp4,110
6067.mp4,114
6068.mp4,122
6069.mp4,110
6070.mp4,117
6071.mp4,123
6072.mp4,117
6073.mp4,112
6074.mp4,120
6075.mp4,123
6076.mp4,112
6077.mp4,110
6078.mp4,119
6079.mp4,115
6080.mp4,117
6081.mp4,117
6082.mp4,115
6083.mp4,117
6084.mp4,117
6085.mp4,118
6086.mp4,111
6087.mp4,119
6088.mp4,110
6089.mp4,117
6090.mp4,119
6091.mp4,114
6092.mp4,125
6093.mp4,117
6094.mp4,119
6095.mp4,117
6096.mp4,116
6097.mp4,117
6098.mp4,114
6099.mp4,124
6100.mp4,119
6101.mp4,116
6102.mp4,122
6103.mp4,120
6104.mp4,116
6105.mp4,116
6106.mp4,111
6107.mp4,123
6108.mp4,123
6109.mp4,112
6110.mp4,117
6111.mp4,114
6112.mp4,111
6113.mp4,112
6114.mp4,120
6115.mp4,119
6116.mp4,111
6117.mp4,116
6118.mp4,113
6119.mp4,113
6120.mp4,124
6121.mp4,124
6122.mp4,121
6123.mp4,111
6124.mp4,113
6125.mp4,122
6126.mp4,111
6127.mp4,110
6128.mp4,116
6129.mp4,115
6130.mp4,115
6131.mp4,113
6132.mp4,118
6133.mp4,113
6134.mp4,117
6135.mp4,117
6136.mp4,112
6137.mp4,117
6138.mp4,117
6139.mp4,117
6140.mp4,117
6141.mp4,110
6142.mp4,114
6143.mp4,114
6144.mp4,123
6145.mp4,118
6146.mp4,115
6147.mp4,120
6148.mp4,116
6149.mp4,111
6150.mp4,111
6151.mp4,117
6152.mp4,114
6153.mp4,115
6154.mp4,119
6155.mp4,116
6156.mp4,123
6157.mp4,111
6158.mp4,122
6159.mp4,115
6160.mp4,113
6161.mp4,113
6162.mp4,124
6163.mp4,116
6164.mp4,110
6165.mp4,111
6166.mp4,120
6167.mp4,120
6168.mp4,114
6169.mp4,115
6170.mp4,118
6171.mp4,116
6172.mp4,123
6173.mp4,114
6174.mp4,113
6175.mp4,124
6176.mp4,120
6177.mp4,117
6178.mp4,110
6179.mp4,117
6180.mp4,122
6181.mp4,121
6182.mp4,115
6183.mp4,121
6184.mp4,117
6185.mp4,117
6186.mp4,111
6187.mp4,112
6188.mp4,117
6189.mp4,114
6190.mp4,111
6191.mp4,115
6192.mp4,113
6193.mp4,124
6194.mp4,121
6195.mp4,110
6196.mp4,123
6197.mp4,124
6198.mp4,114
6199.mp4,113
6200.mp4,115
6201.mp4,118
6202.mp4,124
6203.mp4,115
6204.mp4,115
6205.mp4,113
6206.mp4,123
6207.mp4,111
6208.mp4,111
6209.mp4,118
6210.mp4,118
6211.mp4,111
6212.mp4,112
6213.mp4,124
6214.mp4,111
6215.mp4,112
6216.mp4,112
6217.mp4,121
6218.mp4,119
6219.mp4,121
6220.mp4,122
6221.mp4,116
6222.mp4,112
6223.mp4,114
6224.mp4,120
6225.mp4,123
6226.mp4,114
6227.mp4,110
6228.mp4,115
6229.mp4,123
6230.mp4,116
6231.mp4,123
6232.mp4,114
6233.mp4,112
6234.mp4,111
6235.mp4,119
6236.mp4,116
6237.mp4,118
6238.mp4,117
6239.mp4,116
6240.mp4,112
6241.mp4,111
6242.mp4,119
6243.mp4,120
6244.mp4,122
6245.mp4,114
6246.mp4,112
6247.mp4,110
6248.mp4,112
6249.mp4,118
6250.mp4,120
6251.mp4,111
6252.mp4,112
6253.mp4,112
6254.mp4,114
6255.mp4,115
6256.mp4,117
6257.mp4,114
6258.mp4,123
6259.mp4,112
6260.mp4,117
6261.mp4,116
6262.mp4,114
6263.mp4,117
6264.mp4,117
6265.mp4,112
6266.mp4,113
6267.mp4,120
6268.mp4,116
6269.mp4,119
6270.mp4,112
6271.mp4,114
6272.mp4,115
6273.mp4,123
6274.mp4,123
6275.mp4,117
6276.mp4,113
6277.mp4,112
6278.mp4,110
6279.mp4,122
6280.mp4,116
6281.mp4,116
6282.mp4,113
6283.mp4,117
6284.mp4,111
6285.mp4,119
6286.mp4,110
6287.mp4,114
6288.mp4,120
6289.mp4,118
6290.mp4,118
6291.mp4,122
6292.mp4,122
6293.mp4,123
6294.mp4,124
6295.mp4,112
6296.mp4,113
6297.mp4,122
6298.mp4,110
6299.mp4,118
6300.mp4,115
6301.mp4,115
6302.mp4,119
6303.mp4,119
6304.mp4,119
6305.mp4,121
6306.mp4,111
6307.mp4,117
6308.mp4,111
6309.mp4,123
6310.mp4,114
6311.mp4,115
6312.mp4,117
6313.mp4,117
6314.mp4,114
6315.mp4,120
6316.mp4,122
6317.mp4,113
6318.mp4,114
6319.mp4,115
6320.mp4,116
6321.mp4,115
6322.mp4,115
6323.mp4,116
6324.mp4,119
6325.mp4,117
6326.mp4,114
6327.mp4,114
6328.mp4,117
6329.mp4,121
6330.mp4,122
6331.mp4,120
6332.mp4,116
6333.mp4,117
6334.mp4,117
6335.mp4,119
6336.mp4,122
6337.mp4,116
6338.mp4,122
6339.mp4,114
6340.mp4,116
6341.mp4,116
6342.mp4,115
6343.mp4,123
6344.mp4,116
6345.mp4,111
6346.mp4,116
6347.mp4,113
6348.mp4,113
6349.mp4,111
6350.mp4,123
6351.mp4,123
6352.mp4,122
6353.mp4,123
6354.mp4,119
6355.mp4,114
6356.mp4,118
6357.mp4,117
6358.mp4,124
6359.mp4,113
6360.mp4,116
6361.mp4,116
6362.mp4,111
6363.mp4,114
6364.mp4,117
6365.mp4,110
6366.mp4,118
6367.mp4,116
6368.mp4,110
6369.mp4,112
6370.mp4,117
6371.mp4,116
6372.mp4,118
6373.mp4,122
6374.mp4,117
6375.mp4,115
6376.mp4,116
6377.mp4,112
6378.mp4,119
6379.mp4,121
6380.mp4,113
6381.mp4,120
6382.mp4,111
6383.mp4,115
6384.mp4,123
6385.mp4,110
6386.mp4,114
6387.mp4,116
6388.mp4,115
6389.mp4,122
6390.mp4,112
6391.mp4,110
6392.mp4,120
6393.mp4,125
6394.mp4,117
6395.mp4,117
6396.mp4,122
6397.mp4,114
6398.mp4,113
6399.mp4,120
6400.mp4,117
6401.mp4,120
6402.mp4,123
6403.mp4,113
6404.mp4,120
6405.mp4,115
6406.mp4,113
6407.mp4,123
6408.mp4,116
6409.mp4,113
6410.mp4,116
6411.mp4,113
6412.mp4,114
6413.mp4,114
6414.mp4,113
6415.mp4,117
6416.mp4,120
6417.mp4,122
6418.mp4,119
6419.mp4,123
6420.mp4,116
6421.mp4,115
6422.mp4,117
6423.mp4,120
6424.mp4,114
6425.mp4,117
6426.mp4,119
6427.mp4,125
6428.mp4,122
6429.mp4,112
6430.mp4,116
6431.mp4,116
6432.mp4,119
6433.mp4,123
6434.mp4,116
6435.mp4,110
6436.mp4,111
6437.mp4,111
6438.mp4,114
6439.mp4,115
6440.mp4,115
6441.mp4,114
6442.mp4,113
6443.mp4,124
6444.mp4,116
6445.mp4,123
6446.mp4,120
6447.mp4,117
6448.mp4,120
6449.mp4,117
6450.mp4,123
6451.mp4,121
6452.mp4,112
6453.mp4,111
6454.mp4,114
6455.mp4,117
6456.mp4,113
6457.mp4,116
6458.mp4,116
6459.mp4,114
6460.mp4,119
6461.mp4,115
6462.mp4,115
6463.mp4,116
6464.mp4,115
6465.mp4,116
6466.mp4,114
6467.mp4,115
6468.mp4,111
6469.mp4,120
6470.mp4,122
6471.mp4,113
6472.mp4,119
6473.mp4,114
6474.mp4,114
6475.mp4,121
6476.mp4,113
6477.mp4,115
6478.mp4,113
6479.mp4,120
6480.mp4,115
6481.mp4,117
6482.mp4,122
6483.mp4,113
6484.mp4,116
6485.mp4,111
6486.mp4,113
6487.mp4,123
6488.mp4,113
6489.mp4,116
6490.mp4,112
6491.mp4,120
6492.mp4,111
6493.mp4,119
6494.mp4,122
6495.mp4,117
6496.mp4,114
6497.mp4,112
6498.mp4,115
6499.mp4,118
6500.mp4,112
6501.mp4,116
6502.mp4,117
6503.mp4,123
6504.mp4,116
6505.mp4,123
6506.mp4,117
6507.mp4,117
6508.mp4,121
6509.mp4,124
6510.mp4,124
6511.mp4,114
6512.mp4,121
6513.mp4,113
6514.mp4,123
6515.mp4,114
6516.mp4,117
6517.mp4,115
6518.mp4,112
6519.mp4,116
6520.mp4,117
6521.mp4,115
6522.mp4,118
6523.mp4,117
6524.mp4,116
6525.mp4,116
6526.mp4,120
6527.mp4,121
6528.mp4,114
6529.mp4,116
6530.mp4,124
6531.mp4,119
6532.mp4,111
6533.mp4,116
6534.mp4,121
6535.mp4,123
6536.mp4,115
6537.mp4,123
6538.mp4,115
6539.mp4,113
6540.mp4,114
6541.mp4,122
6542.mp4,121
6543.mp4,114
6544.mp4,114
6545.mp4,114
6546.mp4,112
6547.mp4,124
6548.mp4,126
6549.mp4,127
6550.mp4,128
6551.mp4,127
6552.mp4,77
6553.mp4,127
6554.mp4,129
6555.mp4,130
6556.mp4,131
6557.mp4,132
6558.mp4,133
6559.mp4,134
6560.mp4,135
6561.mp4,136
6562.mp4,135
6563.mp4,137
6564.mp4,128
6565.mp4,127
6566.mp4,138
6567.mp4,139
6568.mp4,126
6569.mp4,135
6570.mp4,135
6571.mp4,130
6572.mp4,129
6573.mp4,135
6574.mp4,77
6575.mp4,128
6576.mp4,77
6577.mp4,135
6578.mp4,131
6579.mp4,132
6580.mp4,139
6581.mp4,127
6582.mp4,129
6583.mp4,140
6584.mp4,127
6585.mp4,77
6586.mp4,135
6587.mp4,128
6588.mp4,128
6589.mp4,141
6590.mp4,142
6591.mp4,143
6592.mp4,126
6593.mp4,135
6594.mp4,140
6595.mp4,131
6596.mp4,127
6597.mp4,133
6598.mp4,127
6599.mp4,136
6600.mp4,138
6601.mp4,135
6602.mp4,136
6603.mp4,77
6604.mp4,127
6605.mp4,136
6606.mp4,77
6607.mp4,77
6608.mp4,127
6609.mp4,132
6610.mp4,143
6611.mp4,141
6612.mp4,136
6613.mp4,129
6614.mp4,133
6615.mp4,129
6616.mp4,138
6617.mp4,137
6618.mp4,136
6619.mp4,135
6620.mp4,144
6621.mp4,138
6622.mp4,129
6623.mp4,143
6624.mp4,138
6625.mp4,77
6626.mp4,126
6627.mp4,131
6628.mp4,129
6629.mp4,131
6630.mp4,135
6631.mp4,130
6632.mp4,144
6633.mp4,129
6634.mp4,132
6635.mp4,127
6636.mp4,142
6637.mp4,127
6638.mp4,144
6639.mp4,77
6640.mp4,127
6641.mp4,128
6642.mp4,138
6643.mp4,130
6644.mp4,145
6645.mp4,140
6646.mp4,138
6647.mp4,143
6648.mp4,129
6649.mp4,129
6650.mp4,131
6651.mp4,145
6652.mp4,136
6653.mp4,77
6654.mp4,131
6655.mp4,136
6656.mp4,140
6657.mp4,141
6658.mp4,126
6659.mp4,137
6660.mp4,144
6661.mp4,140
6662.mp4,130
6663.mp4,133
6664.mp4,144
6665.mp4,129
6666.mp4,139
6667.mp4,133
6668.mp4,77
6669.mp4,126
6670.mp4,137
6671.mp4,135
6672.mp4,130
6673.mp4,135
6674.mp4,143
6675.mp4,130
6676.mp4,77
6677.mp4,129
6678.mp4,136
6679.mp4,138
6680.mp4,139
6681.mp4,136
6682.mp4,139
6683.mp4,129
6684.mp4,132
6685.mp4,129
6686.mp4,139
6687.mp4,138
6688.mp4,132
6689.mp4,131
6690.mp4,77
6691.mp4,136
6692.mp4,143
6693.mp4,135
6694.mp4,138
6695.mp4,144
6696.mp4,142
6697.mp4,126
6698.mp4,128
6699.mp4,138
6700.mp4,126
6701.mp4,146
6702.mp4,138
6703.mp4,129
6704.mp4,145
6705.mp4,143
6706.mp4,129
6707.mp4,133
6708.mp4,130
6709.mp4,136
6710.mp4,145
6711.mp4,133
6712.mp4,138
6713.mp4,147
6714.mp4,128
6715.mp4,77
6716.mp4,129
6717.mp4,136
6718.mp4,136
6719.mp4,77
6720.mp4,146
6721.mp4,144
6722.mp4,129
6723.mp4,128
6724.mp4,135
6725.mp4,131
6726.mp4,128
6727.mp4,129
6728.mp4,138
6729.mp4,144
6730.mp4,128
6731.mp4,135
6732.mp4,139
6733.mp4,131
6734.mp4,129
6735.mp4,130
6736.mp4,127
6737.mp4,145
6738.mp4,135
6739.mp4,130
6740.mp4,132
6741.mp4,142
6742.mp4,136
6743.mp4,127
6744.mp4,128
6745.mp4,136
6746.mp4,129
6747.mp4,129
6748.mp4,128
6749.mp4,129
6750.mp4,136
6751.mp4,129
6752.mp4,131
6753.mp4,145
6754.mp4,128
6755.mp4,138
6756.mp4,131
6757.mp4,148
6758.mp4,139
6759.mp4,148
6760.mp4,138
6761.mp4,127
6762.mp4,139
6763.mp4,137
6764.mp4,131
6765.mp4,131
6766.mp4,127
6767.mp4,126
6768.mp4,142
6769.mp4,132
6770.mp4,143
6771.mp4,129
6772.mp4,133
6773.mp4,137
6774.mp4,129
6775.mp4,131
6776.mp4,129
6777.mp4,77
6778.mp4,131
6779.mp4,143
6780.mp4,133
6781.mp4,131
6782.mp4,140
6783.mp4,143
6784.mp4,126
6785.mp4,132
6786.mp4,127
6787.mp4,77
6788.mp4,130
6789.mp4,132
6790.mp4,126
6791.mp4,145
6792.mp4,129
6793.mp4,77
6794.mp4,126
6795.mp4,77
6796.mp4,140
6797.mp4,132
6798.mp4,139
6799.mp4,139
6800.mp4,131
6801.mp4,126
6802.mp4,131
6803.mp4,130
6804.mp4,77
6805.mp4,137
6806.mp4,77
6807.mp4,135
6808.mp4,143
6809.mp4,133
6810.mp4,127
6811.mp4,132
6812.mp4,137
6813.mp4,139
6814.mp4,132
6815.mp4,126
6816.mp4,77
6817.mp4,145
6818.mp4,136
6819.mp4,139
6820.mp4,135
6821.mp4,127
6822.mp4,126
6823.mp4,136
6824.mp4,135
6825.mp4,127
6826.mp4,139
6827.mp4,77
6828.mp4,130
6829.mp4,130
6830.mp4,138
6831.mp4,132
6832.mp4,129
6833.mp4,127
6834.mp4,131
6835.mp4,141
6836.mp4,135
6837.mp4,146
6838.mp4,143
6839.mp4,126
6840.mp4,135
6841.mp4,127
6842.mp4,132
6843.mp4,130
6844.mp4,136
6845.mp4,133
6846.mp4,128
6847.mp4,140
6848.mp4,138
6849.mp4,135
6850.mp4,143
6851.mp4,126
6852.mp4,127
6853.mp4,134
6854.mp4,136
6855.mp4,136
6856.mp4,127
6857.mp4,146
6858.mp4,138
6859.mp4,128
6860.mp4,148
6861.mp4,132
6862.mp4,141
6863.mp4,132
6864.mp4,77
6865.mp4,131
6866.mp4,131
6867.mp4,148
6868.mp4,132
6869.mp4,127
6870.mp4,137
6871.mp4,128
6872.mp4,77
6873.mp4,127
6874.mp4,147
6875.mp4,77
6876.mp4,147
6877.mp4,131
6878.mp4,135
6879.mp4,136
6880.mp4,130
6881.mp4,137
6882.mp4,141
6883.mp4,145
6884.mp4,136
6885.mp4,77
6886.mp4,131
6887.mp4,138
6888.mp4,131
6889.mp4,127
6890.mp4,133
6891.mp4,141
6892.mp4,127
6893.mp4,136
6894.mp4,132
6895.mp4,129
6896.mp4,132
6897.mp4,128
6898.mp4,132
6899.mp4,133
6900.mp4,128
6901.mp4,138
6902.mp4,127
6903.mp4,147
6904.mp4,135
6905.mp4,136
6906.mp4,137
6907.mp4,129
6908.mp4,145
6909.mp4,140
6910.mp4,129
6911.mp4,148
6912.mp4,147
6913.mp4,148
6914.mp4,143
6915.mp4,131
6916.mp4,128
6917.mp4,147
6918.mp4,139
6919.mp4,129
6920.mp4,137
6921.mp4,129
6922.mp4,138
6923.mp4,128
6924.mp4,145
6925.mp4,136
6926.mp4,136
6927.mp4,77
6928.mp4,77
6929.mp4,77
6930.mp4,135
6931.mp4,77
6932.mp4,136
6933.mp4,132
6934.mp4,136
6935.mp4,129
6936.mp4,138
6937.mp4,77
6938.mp4,126
6939.mp4,138
6940.mp4,136
6941.mp4,129
6942.mp4,143
6943.mp4,135
6944.mp4,129
6945.mp4,132
6946.mp4,143
6947.mp4,131
6948.mp4,140
6949.mp4,127
6950.mp4,126
6951.mp4,143
6952.mp4,129
6953.mp4,134
6954.mp4,128
6955.mp4,128
6956.mp4,127
6957.mp4,136
6958.mp4,127
6959.mp4,132
6960.mp4,127
6961.mp4,130
6962.mp4,127
6963.mp4,132
6964.mp4,145
6965.mp4,77
6966.mp4,127
6967.mp4,127
6968.mp4,129
6969.mp4,127
6970.mp4,77
6971.mp4,135
6972.mp4,143
6973.mp4,77
6974.mp4,145
6975.mp4,136
6976.mp4,139
6977.mp4,141
6978.mp4,135
6979.mp4,146
6980.mp4,135
6981.mp4,136
6982.mp4,139
6983.mp4,133
6984.mp4,132
6985.mp4,129
6986.mp4,129
6987.mp4,131
6988.mp4,77
6989.mp4,143
6990.mp4,128
6991.mp4,136
6992.mp4,127
6993.mp4,140
6994.mp4,127
6995.mp4,127
6996.mp4,131
6997.mp4,128
6998.mp4,128
6999.mp4,127
7000.mp4,131
7001.mp4,77
7002.mp4,129
7003.mp4,126
7004.mp4,128
7005.mp4,132
7006.mp4,136
7007.mp4,127
7008.mp4,141
7009.mp4,139
7010.mp4,135
7011.mp4,138
7012.mp4,77
7013.mp4,145
7014.mp4,138
7015.mp4,132
7016.mp4,135
7017.mp4,132
7018.mp4,126
7019.mp4,129
7020.mp4,136
7021.mp4,137
7022.mp4,146
7023.mp4,145
7024.mp4,137
7025.mp4,127
7026.mp4,139
7027.mp4,128
7028.mp4,134
7029.mp4,133
7030.mp4,128
7031.mp4,132
7032.mp4,77
7033.mp4,138
7034.mp4,146
7035.mp4,131
7036.mp4,77
7037.mp4,146
7038.mp4,135
7039.mp4,129
7040.mp4,77
7041.mp4,132
7042.mp4,129
7043.mp4,131
7044.mp4,129
7045.mp4,141
7046.mp4,129
7047.mp4,77
7048.mp4,140
7049.mp4,145
7050.mp4,132
7051.mp4,128
7052.mp4,131
7053.mp4,77
7054.mp4,126
7055.mp4,143
7056.mp4,136
7057.mp4,77
7058.mp4,141
7059.mp4,140
7060.mp4,136
7061.mp4,131
7062.mp4,135
7063.mp4,139
7064.mp4,133
7065.mp4,135
7066.mp4,126
7067.mp4,131
7068.mp4,134
7069.mp4,140
7070.mp4,126
7071.mp4,142
7072.mp4,127
7073.mp4,129
7074.mp4,128
7075.mp4,127
7076.mp4,129
7077.mp4,138
7078.mp4,77
7079.mp4,130
7080.mp4,136
7081.mp4,131
7082.mp4,140
7083.mp4,133
7084.mp4,127
7085.mp4,136
7086.mp4,136
7087.mp4,135
7088.mp4,131
7089.mp4,135
7090.mp4,133
7091.mp4,136
7092.mp4,138
7093.mp4,139
7094.mp4,136
7095.mp4,128
7096.mp4,126
7097.mp4,146
7098.mp4,136
7099.mp4,130
7100.mp4,130
7101.mp4,77
7102.mp4,131
7103.mp4,135
7104.mp4,143
7105.mp4,129
7106.mp4,132
7107.mp4,140
7108.mp4,146
7109.mp4,138
7110.mp4,132
7111.mp4,137
7112.mp4,130
7113.mp4,136
7114.mp4,138
7115.mp4,143
7116.mp4,127
7117.mp4,138
7118.mp4,131
7119.mp4,127
7120.mp4,77
7121.mp4,77
7122.mp4,77
7123.mp4,139
7124.mp4,136
7125.mp4,129
7126.mp4,77
7127.mp4,139
7128.mp4,130
7129.mp4,148
7130.mp4,77
7131.mp4,129
7132.mp4,127
7133.mp4,135
7134.mp4,143
7135.mp4,132
7136.mp4,77
7137.mp4,131
7138.mp4,138
7139.mp4,132
7140.mp4,129
7141.mp4,143
7142.mp4,143
7143.mp4,134
7144.mp4,142
7145.mp4,77
7146.mp4,147
7147.mp4,136
7148.mp4,129
7149.mp4,134
7150.mp4,148
7151.mp4,140
7152.mp4,127
7153.mp4,139
7154.mp4,145
7155.mp4,143
7156.mp4,147
7157.mp4,139
7158.mp4,130
7159.mp4,131
7160.mp4,140
7161.mp4,77
7162.mp4,141
7163.mp4,140
7164.mp4,142
7165.mp4,146
7166.mp4,133
7167.mp4,143
7168.mp4,133
7169.mp4,143
7170.mp4,132
7171.mp4,148
7172.mp4,127
7173.mp4,148
7174.mp4,145
7175.mp4,131
7176.mp4,132
7177.mp4,137
7178.mp4,128
7179.mp4,135
7180.mp4,143
7181.mp4,143
7182.mp4,136
7183.mp4,137
7184.mp4,136
7185.mp4,132
7186.mp4,128
7187.mp4,127
7188.mp4,129
7189.mp4,133
7190.mp4,132
7191.mp4,77
7192.mp4,131
7193.mp4,135
7194.mp4,147
7195.mp4,145
7196.mp4,129
7197.mp4,147
7198.mp4,145
7199.mp4,136
7200.mp4,135
7201.mp4,129
7202.mp4,140
7203.mp4,130
7204.mp4,132
7205.mp4,136
7206.mp4,143
7207.mp4,143
7208.mp4,130
7209.mp4,77
7210.mp4,128
7211.mp4,137
7212.mp4,139
7213.mp4,140
7214.mp4,130
7215.mp4,131
7216.mp4,131
7217.mp4,142
7218.mp4,135
7219.mp4,137
7220.mp4,131
7221.mp4,129
7222.mp4,136
7223.mp4,146
7224.mp4,130
7225.mp4,126
7226.mp4,126
7227.mp4,128
7228.mp4,143
7229.mp4,135
7230.mp4,129
7231.mp4,127
7232.mp4,131
7233.mp4,132
7234.mp4,132
7235.mp4,139
7236.mp4,136
7237.mp4,140
7238.mp4,145
7239.mp4,143
7240.mp4,77
7241.mp4,129
7242.mp4,138
7243.mp4,143
7244.mp4,132
7245.mp4,132
7246.mp4,77
7247.mp4,132
7248.mp4,143
7249.mp4,127
7250.mp4,140
7251.mp4,129
7252.mp4,130
7253.mp4,132
7254.mp4,148
7255.mp4,135
7256.mp4,145
7257.mp4,131
7258.mp4,130
7259.mp4,77
7260.mp4,135
7261.mp4,136
7262.mp4,134
7263.mp4,143
7264.mp4,142
7265.mp4,77
7266.mp4,145
7267.mp4,77
7268.mp4,126
7269.mp4,132
7270.mp4,145
7271.mp4,129
7272.mp4,129
7273.mp4,127
7274.mp4,129
7275.mp4,138
7276.mp4,134
7277.mp4,136
7278.mp4,135
7279.mp4,139
7280.mp4,147
7281.mp4,137
7282.mp4,130
7283.mp4,135
7284.mp4,145
7285.mp4,132
7286.mp4,129
7287.mp4,129
7288.mp4,145
7289.mp4,130
7290.mp4,141
7291.mp4,131
7292.mp4,126
7293.mp4,135
7294.mp4,136
7295.mp4,138
7296.mp4,132
7297.mp4,130
7298.mp4,127
7299.mp4,127
7300.mp4,139
7301.mp4,137
7302.mp4,136
7303.mp4,133
7304.mp4,136
7305.mp4,132
7306.mp4,139
7307.mp4,129
7308.mp4,77
7309.mp4,136
7310.mp4,137
7311.mp4,140
7312.mp4,136
7313.mp4,77
7314.mp4,128
7315.mp4,136
7316.mp4,146
7317.mp4,129
7318.mp4,134
7319.mp4,133
7320.mp4,136
7321.mp4,136
7322.mp4,136
7323.mp4,136
7324.mp4,136
7325.mp4,126
7326.mp4,138
7327.mp4,129
7328.mp4,128
7329.mp4,132
7330.mp4,128
7331.mp4,136
7332.mp4,135
7333.mp4,143
7334.mp4,77
7335.mp4,129
7336.mp4,127
7337.mp4,132
7338.mp4,77
7339.mp4,143
7340.mp4,136
7341.mp4,147
7342.mp4,138
7343.mp4,135
7344.mp4,131
7345.mp4,129
7346.mp4,136
7347.mp4,145
7348.mp4,131
7349.mp4,145
7350.mp4,127
7351.mp4,133
7352.mp4,131
7353.mp4,145
7354.mp4,142
7355.mp4,77
7356.mp4,127
7357.mp4,127
7358.mp4,135
7359.mp4,127
7360.mp4,136
7361.mp4,127
7362.mp4,127
7363.mp4,132
7364.mp4,126
7365.mp4,129
7366.mp4,77
7367.mp4,139
7368.mp4,129
7369.mp4,136
7370.mp4,77
7371.mp4,131
7372.mp4,136
7373.mp4,136
7374.mp4,77
7375.mp4,129
7376.mp4,130
7377.mp4,129
7378.mp4,141
7379.mp4,132
7380.mp4,136
7381.mp4,148
7382.mp4,131
7383.mp4,135
7384.mp4,129
7385.mp4,138
7386.mp4,136
7387.mp4,133
7388.mp4,145
7389.mp4,135
7390.mp4,126
7391.mp4,135
7392.mp4,77
7393.mp4,127
7394.mp4,130
7395.mp4,138
7396.mp4,130
7397.mp4,132
7398.mp4,133
7399.mp4,137
7400.mp4,145
7401.mp4,145
7402.mp4,126
7403.mp4,138
7404.mp4,127
7405.mp4,128
7406.mp4,131
7407.mp4,135
7408.mp4,138
7409.mp4,127
7410.mp4,133
7411.mp4,131
7412.mp4,128
7413.mp4,135
7414.mp4,135
7415.mp4,145
7416.mp4,128
7417.mp4,139
7418.mp4,127
7419.mp4,127
7420.mp4,126
7421.mp4,129
7422.mp4,132
7423.mp4,129
7424.mp4,135
7425.mp4,147
7426.mp4,77
7427.mp4,128
7428.mp4,133
7429.mp4,135
7430.mp4,136
7431.mp4,131
7432.mp4,77
7433.mp4,142
7434.mp4,126
7435.mp4,143
7436.mp4,135
7437.mp4,129
7438.mp4,138
7439.mp4,126
7440.mp4,129
7441.mp4,145
7442.mp4,132
7443.mp4,136
7444.mp4,139
7445.mp4,127
7446.mp4,139
7447.mp4,133
7448.mp4,145
7449.mp4,131
7450.mp4,133
7451.mp4,143
7452.mp4,143
7453.mp4,142
7454.mp4,143
7455.mp4,145
7456.mp4,138
7457.mp4,135
7458.mp4,135
7459.mp4,141
7460.mp4,129
7461.mp4,143
7462.mp4,143
7463.mp4,135
7464.mp4,126
7465.mp4,136
7466.mp4,147
7467.mp4,137
7468.mp4,136
7469.mp4,137
7470.mp4,129
7471.mp4,56
7472.mp4,56
7473.mp4,22
7474.mp4,2
7475.mp4,33
7476.mp4,77
7477.mp4,16
7478.mp4,56
7479.mp4,29
7480.mp4,71
7481.mp4,38
7482.mp4,43
7483.mp4,40
7484.mp4,52
7485.mp4,17
7486.mp4,33
7487.mp4,29
7488.mp4,72
7489.mp4,45
7490.mp4,2
7491.mp4,15
7492.mp4,33
7493.mp4,29
7494.mp4,36
7495.mp4,45
7496.mp4,28
7497.mp4,21
7498.mp4,11
7499.mp4,22
7500.mp4,70
7501.mp4,59
7502.mp4,21
7503.mp4,21
7504.mp4,45
7505.mp4,77
7506.mp4,3
7507.mp4,33
7508.mp4,37
7509.mp4,59
7510.mp4,58
7511.mp4,31
7512.mp4,3
7513.mp4,14
7514.mp4,36
7515.mp4,33
7516.mp4,24
7517.mp4,45
7518.mp4,31
7519.mp4,40
7520.mp4,48
7521.mp4,69
7522.mp4,33
7523.mp4,50
7524.mp4,61
7525.mp4,77
7526.mp4,54
7527.mp4,71
7528.mp4,24
7529.mp4,21
7530.mp4,9
7531.mp4,17
7532.mp4,34
7533.mp4,14
7534.mp4,7
7535.mp4,29
7536.mp4,28
7537.mp4,72
7538.mp4,55
7539.mp4,34
7540.mp4,10
7541.mp4,17
7542.mp4,69
7543.mp4,77
7544.mp4,56
7545.mp4,43
7546.mp4,69
7547.mp4,22
7548.mp4,71
7549.mp4,59
7550.mp4,71
7551.mp4,77
7552.mp4,71
7553.mp4,59
7554.mp4,31
7555.mp4,40
7556.mp4,29
7557.mp4,40
7558.mp4,71
7559.mp4,31
7560.mp4,43
7561.mp4,36
7562.mp4,9
7563.mp4,43
7564.mp4,50
7565.mp4,35
7566.mp4,71
7567.mp4,0
7568.mp4,45
7569.mp4,56
7570.mp4,75
7571.mp4,75
7572.mp4,24
7573.mp4,38
7574.mp4,72
7575.mp4,57
7576.mp4,47
7577.mp4,13
7578.mp4,34
7579.mp4,71
7580.mp4,75
7581.mp4,69
7582.mp4,61
7583.mp4,51
7584.mp4,71
7585.mp4,72
7586.mp4,29
7587.mp4,78
7588.mp4,21
7589.mp4,73
7590.mp4,45
7591.mp4,48
7592.mp4,24
7593.mp4,54
7594.mp4,21
7595.mp4,33
7596.mp4,11
7597.mp4,34
7598.mp4,48
7599.mp4,56
7600.mp4,47
7601.mp4,19
7602.mp4,14
7603.mp4,3
7604.mp4,51
7605.mp4,72
7606.mp4,73
